,RandomForest,XGBoost,Lasso,Avg_Importance
932,1.0,1.0,0.0,0.6666666666666666
1043,0.9117950053918478,0.57220525,0.0,0.49466675029556345
599,0.43071850143260676,0.5645281,0.37760105803226257,0.4576158890359989
300,0.16236419581454717,0.1749775,1.0,0.44578056402697075
602,0.606992738782422,0.6999511,0.0,0.4356479503509257
669,0.2851964840683338,0.19089758,0.7918336322085716,0.4226425667461307
561,0.31263591354352466,0.13171364,0.8213773726303303,0.4219089766146457
614,0.17306826160586544,0.15218565,0.8524927993722037,0.39258223655260077
244,0.3693127367785928,0.79097164,0.0,0.38676145785024946
928,0.5611140210969231,0.53182465,0.0,0.36431288982573423
12,0.24526843397030507,0.13274911,0.6702828085816765,0.3494334510040877
433,0.329903227168864,0.27931213,0.434180223377746,0.3477985281118909
1081,0.2892685053589607,0.29391935,0.44814890198210583,0.3437789206727557
600,0.3396407203273912,0.45769802,0.23062627100997973,0.342655002898717
970,0.5207813143999517,0.4931581,0.0,0.33797980547849144
1139,0.4181101034335847,0.58839476,0.0,0.33550162150636503
556,0.26739481120111247,0.35941854,0.3626540755922631,0.32982247599546133
291,0.19565758401625824,0.12322456,0.6575509204115232,0.32547768695795226
145,0.2834913178801423,0.19012733,0.4618947606118137,0.3118378021767239
1136,0.39161613386510796,0.18619546,0.3436417122925358,0.3071511030332557
1028,0.17185100797833303,0.18823302,0.5473440136831201,0.3024760131943003
1128,0.44538322164399197,0.23993047,0.2153587286243633,0.3002241386952689
435,0.4375719587225254,0.18336876,0.27745160489311627,0.29946410699425857
403,0.3787274229607128,0.5131902,0.0,0.297305877608761
475,0.12008005882478025,0.12834203,0.6321699556112266,0.293530682289521
146,0.2516004210729229,0.2516137,0.3761755352800102,0.2931298875677532
1056,0.19348647465880203,0.22227816,0.4618314212428181,0.29253201957954955
1079,0.34024678759093413,0.528282,0.0,0.28950959143478117
767,0.22859436730003366,0.18867281,0.44910872785910727,0.28879196865068796
768,0.19451066748366938,0.19168016,0.46742417739931164,0.2845383360093488
1063,0.38193172372826634,0.13540788,0.3294405717518118,0.28226005847623137
263,0.20098719308213348,0.18172799,0.4544443462385693,0.2790531766095941
1070,0.3108506575125701,0.28612486,0.23639327536847599,0.2777895960536562
598,0.333895706269238,0.49446642,0.0,0.2761207100858601
565,0.3492079952261281,0.4768917,0.0,0.2753665638930742
606,0.232503560472836,0.20493346,0.38467977252081975,0.2740389325069286
966,0.16455603813153571,0.15799013,0.493149858746321,0.27189867489325065
182,0.191639922261782,0.18795742,0.43011751292520145,0.26990495204405035
848,0.15343868961821067,0.14016883,0.5053951742579896,0.2663342315428577
957,0.269639836651529,0.19262415,0.3361602677928974,0.26614141871704067
480,0.1934986405856983,0.13858473,0.4663376367748489,0.2661403367899619
597,0.4196680392032171,0.32085517,0.04895392400656684,0.26315904456604716
1107,0.1528034763812941,0.12981947,0.5004746242546269,0.26103252276656197
254,0.20483859972804322,0.16984034,0.39717928995138835,0.25728607517512625
1007,0.40926084976061583,0.3509647,0.0,0.253408514991947
1047,0.19216625067901602,0.1706568,0.39705655917934624,0.25329320337614764
1117,0.3625349583202542,0.21404348,0.18280413842714277,0.2531275266284938
1020,0.2945947750337547,0.15720652,0.3043917638392832,0.25206435310374403
149,0.3126006423918454,0.44266728,0.0,0.2517559726863453
438,0.16994536178407632,0.17474759,0.4097917275920171,0.2514948918754662
839,0.19705364641970785,0.13783263,0.41240255728050246,0.24909627680020385
741,0.16012426330865076,0.14039378,0.4458469982840584,0.24878834675815473
894,0.19546724673745638,0.17825289,0.3699604814516937,0.24789353963173746
424,0.25250748675237883,0.1899831,0.29958259559272415,0.2473577273480411
632,0.14168196965781993,0.11722174,0.47986911770568375,0.24625761007730906
1132,0.39904744458377067,0.3323594,0.0,0.24380228265186052
1046,0.21203644080067652,0.17875186,0.33355658866337234,0.24144829518422906
318,0.15404307899852065,0.12635015,0.44266121970100797,0.24101814940393984
325,0.3689616880480659,0.3450682,0.0,0.23800995818986537
431,0.29607214207246124,0.27821338,0.13570301894324793,0.2366628475943274
1062,0.4367278302773307,0.15442418,0.11759082842085103,0.23624761143942027
911,0.13789682448808643,0.15975527,0.41090433837258306,0.2361854791713681
1144,0.16900642332135077,0.24475682,0.29465938198338015,0.23614087437413964
908,0.19346755262211035,0.514504,0.0,0.2359905226892732
601,0.2682545990550694,0.43417838,0.0,0.23414432707111624
452,0.11627448594908812,0.13475071,0.44715408699859566,0.2327264272951096
496,0.24691808270425072,0.18194038,0.26751635855152034,0.2321249393381155
1080,0.36874697775757526,0.32556322,0.0,0.23143673330915046
494,0.36505176855965016,0.32896888,0.0,0.23134021704012672
876,0.1564884732453953,0.15075885,0.3823557908062256,0.22986770388196068
885,0.21502140743072773,0.1735494,0.2970996570672003,0.22855682109259903
381,0.2293265052762917,0.12540452,0.3297984432164043,0.22817649010520846
489,0.232066119061963,0.13845608,0.30526844389764074,0.2252635464477315
1015,0.203612294162828,0.4710917,0.0,0.22490132728070625
387,0.3034055667445405,0.1807514,0.19035768527203975,0.2248382167407791
280,0.2791080354931173,0.39505866,0.0,0.22472223239747077
624,0.18117773813160482,0.1585456,0.33106408495809897,0.22359580715914065
954,0.3772621092244107,0.24996981,0.041709800540780405,0.22298057333753749
1018,0.23852384166884386,0.19553441,0.23443689681640717,0.2228317155259166
1019,0.2816966577542505,0.13185304,0.2548078307507123,0.22278584417933778
1065,0.32239536062758384,0.17222475,0.171852802352804,0.2221576360449229
874,0.10747957981941202,0.55747527,0.0,0.22165161622006727
488,0.27089104774711653,0.12494822,0.2627490058465069,0.2195294240194916
1130,0.34898148292089665,0.30754918,0.0,0.21884355384040263
844,0.1883936684703577,0.20699888,0.259950915315681,0.21844782282130856
825,0.17961617629728058,0.4721687,0.0,0.21726163003511342
1137,0.3528594703369318,0.19221032,0.10044289778908042,0.21517089492801078
223,0.194584426649488,0.12257832,0.3243089316323338,0.21382389372308083
607,0.14355539135816706,0.49481103,0.0,0.2127888065334261
188,0.29277888963770243,0.34558648,0.0,0.21278845611595898
1146,0.19047094192797762,0.14493869,0.29776854670473873,0.21105939369441326
686,0.2111383951082626,0.12029308,0.3017238554394867,0.2110517771181605
898,0.23438244795328722,0.3979029,0.0,0.21076178463143225
44,0.26318340605494683,0.3616536,0.0,0.20827900073924763
948,0.2863833098310155,0.2671445,0.07115801956001969,0.20822861020009809
1115,0.19917331819759293,0.42512986,0.0,0.20810105961238837
1145,0.1903086684661183,0.16589475,0.2679593844213461,0.20805426655595327
1123,0.19797482687257148,0.2157616,0.20930673730245308,0.20768105536664028
1083,0.3096096921920792,0.20865822,0.10279504362023346,0.20702098473203392
298,0.2157242379262781,0.4044251,0.0,0.20671645077317077
1116,0.22774743285824373,0.1956279,0.19479091551961722,0.20605541545189665
1124,0.2626728085942096,0.35542324,0.0,0.20603201681597452
579,0.16434359847743293,0.18439235,0.2678018418182902,0.2055125960758617
595,0.22503800886247977,0.23145713,0.1584757613655641,0.20499029978295688
660,0.263673395885032,0.12204502,0.22849836880572824,0.2047389274898779
66,0.28919225752621636,0.17447288,0.15046492845292544,0.2047100231076128
524,0.14246197445822867,0.18889426,0.2803432312433978,0.20389982088368375
5,0.4379225913616672,0.17271116,0.0,0.2035445850402996
907,0.2002361576426851,0.4083726,0.0,0.20286958948336797
1127,0.3444677736832347,0.13381433,0.12935818715748826,0.20254676523670256
226,0.1773675840020835,0.32000637,0.10623639886857926,0.20120345113836546
1125,0.32956157472333225,0.1724819,0.10146650555812949,0.2011699915915216
1010,0.29159376381513136,0.15767528,0.1541023657137027,0.20112380356528814
1105,0.2746248282662253,0.32874125,0.0,0.20112202689618605
1104,0.22650371678820144,0.3767353,0.0,0.20107967220462328
971,0.2792316712399309,0.32270914,0.0,0.20064693813390155
4,0.46344689428520747,0.13689595,0.0,0.20011428296470823
1106,0.30808050129066755,0.29191273,0.0,0.199997745266394
849,0.14721624030944877,0.15287374,0.29971913290119795,0.19993637093694275
1002,0.20515867342342223,0.12011656,0.269862060281649,0.19837909845210033
434,0.3407793228324027,0.13607372,0.1173480221029045,0.19806702279023636
429,0.1894827192098864,0.14364386,0.2610213844401664,0.19804931989954558
786,0.25646868479967927,0.14255251,0.19364806810456775,0.1975564209360516
1068,0.2940851092354815,0.2971222,0.0,0.1970691064998958
487,0.28408441424700787,0.30445555,0.0,0.19617998759062147
8,0.45275135231633096,0.13533586,0.0,0.1960290716509657
713,0.27521186071632936,0.19498628,0.11675600355380619,0.19565138268309326
11,0.436934080142565,0.14849272,0.0,0.19514226794864978
650,0.17991546936869818,0.13306205,0.2707788869486723,0.19458546868796125
1131,0.3287792317106421,0.25213522,0.0,0.193638149633477
1118,0.23285239822983095,0.20107067,0.14500494779351245,0.1929760041121716
506,0.16561410227729523,0.2006044,0.21253790364762906,0.19291880000105965
534,0.1653843516723656,0.110427484,0.30154718073171366,0.19245300544012064
492,0.23707699330252247,0.3389558,0.0,0.19201092770232706
919,0.1602608268794922,0.41364124,0.0,0.19130069035084737
1151,0.2445017299379458,0.32732442,0.0,0.19060871671721505
701,0.3190154948826627,0.25210914,0.0,0.19037487834678743
858,0.194414837558038,0.10668131,0.26905771544448737,0.19005128754764433
677,0.14520152505726983,0.14712803,0.2761984437793947,0.18950933316481092
596,0.24157201606910203,0.22549184,0.10026274596921912,0.18910886623512735
1099,0.21500221872236483,0.35110202,0.0,0.18870141434638418
191,0.168904744363827,0.21321258,0.18156962019667075,0.18789564801641734
1,0.4896986040416318,0.07293031,0.0,0.18754297256280839
947,0.21868026282274675,0.15126307,0.19248910194536695,0.18747747928495076
1033,0.25558505482074095,0.3062947,0.0,0.187293254754929
493,0.3100249779205329,0.25055182,0.0,0.18685893257395447
642,0.16729424279783556,0.08326347,0.30763143447290664,0.18606304966444834
64,0.24129181012618883,0.15366931,0.16148949408271213,0.18548353893507405
1142,0.27763486302305806,0.27841595,0.0,0.18535027039186672
1102,0.2803237650200938,0.2750973,0.0,0.18514035852105137
148,0.33633949131450597,0.21898381,0.0,0.18510776847826618
432,0.35101777408098395,0.17079931,0.03313762211928123,0.18498490372533452
671,0.16512457881178277,0.3866574,0.0,0.18392732194332884
437,0.176238762140086,0.28266695,0.0911171684633191,0.18334096067377603
281,0.1858004739785994,0.15505283,0.20723996346494808,0.1826977544173575
324,0.22645923174558258,0.31978607,0.0,0.18208176784097543
1097,0.21720847380072608,0.32682154,0.0,0.18134333654215182
440,0.30303564910252784,0.23884396,0.0,0.18062653721756372
423,0.3572780976433474,0.17479573,0.008846683224939027,0.1803068375901363
495,0.24624861659742797,0.14848715,0.14548009757253708,0.1800719549463543
748,0.11404825192950946,0.4261255,0.0,0.18005791618513656
1052,0.1670826290881739,0.37279347,0.0,0.17995869831363712
1134,0.2587247296085199,0.12664773,0.15381709638456212,0.1797298505648047
963,0.19974078978871082,0.33910963,0.0,0.17961680639377822
983,0.22535815461260492,0.11538723,0.19689688530489421,0.17921409034300853
308,0.21537059894168745,0.11992157,0.19972145664495625,0.1783378760310238
449,0.3062569752896958,0.22795984,0.0,0.17807227225982922
695,0.17600690193762944,0.16474444,0.19319634683783593,0.17798256183878022
952,0.22350739711769438,0.3092352,0.0,0.17758086083414826
502,0.23627747382495587,0.29599696,0.0,0.17742481260092322
1103,0.2245891164882429,0.3071601,0.0,0.17724974192326093
712,0.22302840077683475,0.3051762,0.0,0.17606819975311605
1038,0.16177029239702254,0.14735533,0.2183263904157509,0.17581733859446422
754,0.1163858613371982,0.41046417,0.0,0.17561667631070263
227,0.1925484062606648,0.15257774,0.1801687140466359,0.17509828774717592
962,0.28200090519597404,0.23058736,0.012555735486304344,0.17504800130846046
719,0.2109383163965914,0.3131705,0.0,0.1747029363485566
1101,0.21855534761502124,0.14856048,0.15477106443895544,0.17396229711243652
1119,0.3235031096041565,0.15591474,0.04161369086661065,0.17367717974835561
1004,0.2741143921432263,0.24657723,0.0,0.1735638750731073
439,0.2262756496932605,0.17443556,0.11927519252902102,0.17332879938572918
882,0.186812062429291,0.17144677,0.16085074033624028,0.17303652439838083
557,0.2547549568131792,0.2640387,0.0,0.17293122286648313
687,0.19790995246224652,0.13442476,0.18119242715031114,0.17117571351674946
737,0.10297004969288145,0.20628335,0.20416717078657162,0.1711401887659909
1135,0.2348856855242966,0.1971683,0.07989039139796561,0.17064812747950173
345,0.18908852951867505,0.16859539,0.15139123334062538,0.1696917171303284
956,0.21711009400921427,0.17449713,0.11656544210694618,0.1693908878830398
1011,0.3011885859674807,0.16095218,0.043405843053196634,0.1685155365482285
53,0.27749241645747647,0.22761726,0.0,0.1683698934171406
1121,0.18552111551766545,0.3185464,0.0,0.16802250996432355
715,0.17626041785421834,0.32666382,0.0,0.16764141326329066
794,0.196667006772831,0.14944287,0.15667459744806858,0.16759482355516242
349,0.18966884314043267,0.31275195,0.0,0.16747359732463274
1078,0.22311418423786594,0.23923813,0.03799295194738759,0.1667817547504388
350,0.2376765922793156,0.26177135,0.0,0.16648264779277663
558,0.2181312503060483,0.14534555,0.13536924950886628,0.1662820178568916
1066,0.25863445049345285,0.2173387,0.022246767468267176,0.16607330469462986
98,0.18587822328265588,0.31084833,0.0,0.16557551625786915
717,0.24351723040908363,0.25261056,0.0,0.1653759315469854
961,0.26661272217479526,0.22937581,0.0,0.16532951053529044
278,0.2970873801177696,0.19832267,0.0,0.16513668292979253
25,0.2417212168178109,0.25365493,0.0,0.16512538127770515
330,0.2127421172696156,0.28216854,0.0,0.16497021821597557
1141,0.24096501031021242,0.2443946,0.008685133581050134,0.16468158142755016
812,0.16284662208298595,0.12209469,0.20858945265693543,0.16451025517987816
380,0.21972588750336855,0.17194815,0.10179873739508546,0.16449092489958486
362,0.15510021087221443,0.17118357,0.16715044494805778,0.1644780756799055
1006,0.21315056919243028,0.28004956,0.0,0.16440004388221796
404,0.2702800098901722,0.2197278,0.0,0.1633359363955171
39,0.1928579300773591,0.12165469,0.1737111446797152,0.16274125468968517
1126,0.26450440073527576,0.22179198,0.0,0.16209879446201086
343,0.2013890101891375,0.28429475,0.0,0.16189458815195878
119,0.1855057520013069,0.1310225,0.16676508647954438,0.16109777883081344
953,0.1789759491064436,0.3041189,0.0,0.1610316168658696
20,0.27486298811649484,0.13149633,0.076150065313362,0.16083645952169595
1008,0.2353971174167134,0.19988333,0.04634477376309188,0.16054173935596325
1082,0.16645424459081898,0.14266297,0.1707742031062383,0.15996380663629836
998,0.14938416959634282,0.33021867,0.0,0.15986761411624106
277,0.2816975300094809,0.19595923,0.0,0.15921891843548502
547,0.20193126059579916,0.27525365,0.0,0.15906163804070175
1072,0.18953206290787705,0.21889585,0.06869656607949667,0.15904149385104638
852,0.10050953195872439,0.3765969,0.0,0.1590354765997414
610,0.15064085702031924,0.19917831,0.12656528044412088,0.15879481523765335
704,0.21821606485976155,0.16222988,0.09437165167439504,0.15827253240824374
1113,0.1339552520917787,0.33956376,0.0,0.15783966975764877
52,0.24169857250753796,0.23146307,0.0,0.15772054906389368
497,0.2978305693531481,0.1568967,0.018113698420476842,0.1576136544227589
7,0.3224326874373523,0.1489243,0.0,0.15711899782413138
542,0.18059336673414692,0.17576924,0.11480229645032067,0.1570549676161818
559,0.1929573029790831,0.27689797,0.0,0.15661842328026931
478,0.22319640707061003,0.24606633,0.0,0.15642091297800445
416,0.14015977473740604,0.16195862,0.16676830551013086,0.15629556673324627
120,0.23569912877045796,0.22198878,0.010735480371673978,0.15614113047625863
710,0.18003846320378925,0.2876376,0.0,0.15589201818859624
287,0.23041818455027047,0.23721102,0.0,0.155876401117002
949,0.15830825150985253,0.309153,0.0,0.1558204140298192
63,0.3055168414930039,0.16183561,0.0,0.15578415078651683
125,0.26823255670645824,0.1982449,0.0,0.15549248540593183
955,0.19022923142514167,0.233504,0.04146050258861615,0.15506457711321836
1054,0.13926881795055457,0.32285386,0.0,0.15404089372994764
1084,0.17094736054664145,0.2905392,0.0,0.15382885520698392
709,0.17809041791667996,0.28191996,0.0,0.15333679137465178
322,0.11496520284746731,0.2362741,0.10829264018470906,0.1531773121405625
1147,0.22368949431243015,0.2352991,0.0,0.15299619660795552
219,0.23658264656638517,0.22214746,0.0,0.15291003710619414
338,0.1846828062570483,0.27313802,0.0,0.15260694090645813
1149,0.21066081362267902,0.24687658,0.0,0.1525124653753326
93,0.14971686723222324,0.0916191,0.2159159732292824,0.15241731238596082
623,0.1575413642946849,0.1983066,0.10133745920678677,0.15239514290710424
16,0.25185755210657795,0.20297715,0.0,0.15161156759507086
1025,0.22211326513309243,0.23237184,0.0,0.15149503401126782
471,0.2281548726791463,0.09297494,0.13326288178174697,0.1514642309710457
344,0.18796577500932496,0.17121252,0.09488771574577004,0.1513553383102463
935,0.16160032112974615,0.29220483,0.0,0.15126838273332746
500,0.16401730278399204,0.22631222,0.06313989627623727,0.1511564730522725
340,0.1647168759809408,0.28769964,0.0,0.15080550525938383
1088,0.24131445278977004,0.21078888,0.0,0.15070110953600754
1042,0.2054991444512657,0.24609452,0.0,0.1505312231038826
931,0.15097798205073445,0.30029252,0.0,0.15042350125529955
1069,0.22996956568083485,0.22121097,0.0,0.15039351238516077
746,0.15290028270867936,0.29743624,0.0,0.15011217334796148
775,0.17281947969306954,0.27733922,0.0,0.15005289991335555
1058,0.18982682370880322,0.2601043,0.0,0.14997704076680565
425,0.24185370839002918,0.15862931,0.04766659783626318,0.14938320644586586
369,0.1502183458682813,0.29782537,0.0,0.14934790404230083
784,0.1774911192731968,0.2698638,0.0,0.14911831112957372
743,0.15763587550568814,0.28936267,0.0,0.148999514832259
890,0.204692083501989,0.24210805,0.0,0.14893337683683447
988,0.1560839775378234,0.2904245,0.0,0.14883615782442117
1034,0.3036029324536081,0.14269589,0.0,0.148766273776841
197,0.259777209217264,0.1861121,0.0,0.14862977168788968
725,0.11479308050176444,0.33040297,0.0,0.14839868360526345
817,0.12036388715623489,0.32462233,0.0,0.1483287400686697
933,0.20811395420311724,0.23586097,0.0,0.1479916425998967
899,0.21942463279706095,0.2243493,0.0,0.14792464594358157
71,0.187591240637298,0.13487099,0.12119641527149244,0.1478862156731974
276,0.20777436825689954,0.23422287,0.0,0.14733241410075718
443,0.14301765782635115,0.11984185,0.17858015576484917,0.147146554961747
780,0.20272437660898696,0.237156,0.0,0.1466267934408649
891,0.21260552282793072,0.22716464,0.0,0.14659005461687097
426,0.24766812964647897,0.16032407,0.03135303810284831,0.1464484115422308
612,0.11751156612616698,0.17011772,0.1512985592618173,0.14630928211651834
900,0.1468995587280403,0.2906375,0.0,0.14584568395386174
1100,0.2582259999030141,0.17866331,0.0,0.1456297710972795
959,0.17201603843840765,0.26454604,0.0,0.14552069171956117
772,0.16972070372257705,0.26671916,0.0,0.14547995539557299
950,0.1906619224094523,0.24533042,0.0,0.14533078184204543
235,0.14866024828921198,0.28655186,0.0,0.1450707037481018
1148,0.20267949720029702,0.23247746,0.0,0.14505231784385
151,0.22022454610421996,0.2148385,0.0,0.1450210169651599
974,0.16860744578847928,0.158538,0.10660622993023572,0.14458389150474146
1096,0.1921540086868258,0.24132214,0.0,0.14449205118427183
2,0.25513917190915103,0.04704594,0.1312892613215127,0.14449145730043297
468,0.21868134565853684,0.21412878,0.0,0.1442700410144316
804,0.16957926887305522,0.16169718,0.10132574002796171,0.1442007293266909
551,0.18084868057797904,0.15162393,0.09990911887557105,0.14412724465364002
261,0.23361739179813198,0.19854227,0.0,0.1440532196274179
150,0.2357558675182888,0.19596814,0.0,0.1439080012365523
1061,0.11260939381535143,0.31888434,0.0,0.1438312455747369
929,0.15930829527238805,0.2636195,0.008457903961802894,0.14379523718458526
782,0.23307322553110074,0.1982171,0.0,0.14376343982521678
485,0.2861172174071576,0.14506452,0.0,0.14372724508760062
1003,0.17898411027422043,0.25178668,0.0,0.14359026310122838
1140,0.21017566500216678,0.14192563,0.07811655464249175,0.14340595086610078
723,0.19187977793786293,0.23748177,0.0,0.1431205169458302
269,0.15710485461721518,0.2720382,0.0,0.14304768205804858
289,0.17524005237751925,0.25270897,0.0,0.142649674625972
1089,0.21488894726584623,0.21286504,0.0,0.14258466232402547
834,0.15213641002366238,0.27560607,0.0,0.14258082533740102
466,0.13092665157803454,0.29635945,0.0,0.1424287004010166
273,0.26100279956471284,0.08852019,0.07744744766959547,0.14232347961472258
383,0.2436275198579743,0.1831665,0.0,0.14226467458807476
840,0.19282241142044357,0.13519952,0.09872441934326677,0.14224878259178425
216,0.24397994696162592,0.18198194,0.0,0.14198729435292368
678,0.1781379664241764,0.157581,0.08991730427452581,0.14187875740628636
714,0.22846345625168313,0.1970012,0.0,0.14182155338209942
1064,0.25788749282308276,0.16695528,0.0,0.14161425671560188
140,0.09876480927349328,0.32605568,0.0,0.14160682833950122
1075,0.21447903947705668,0.21029246,0.0,0.14159049933709913
1029,0.18218232676991755,0.14570129,0.0967999971910966,0.14156120437931835
1092,0.20718837736766435,0.2111561,0.006073891424223148,0.14147278960886708
196,0.22524979267492354,0.19895312,0.0,0.14140097152516065
193,0.1348195078656414,0.289369,0.0,0.14139616498302549
1109,0.1797889264053408,0.15257747,0.09141968016395194,0.1412620270942061
107,0.174253520931506,0.24940526,0.0,0.14121959526197905
758,0.1649474710272089,0.1545321,0.1037128548709185,0.14106414354291116
358,0.17763652326699164,0.24410018,0.0,0.1405789021718372
594,0.2985121431328064,0.122557804,0.0,0.14035664904042103
1000,0.16818702893747006,0.25208762,0.0,0.14009155060613523
1026,0.19483406470521858,0.22487938,0.0,0.13990448291535038
1021,0.1547724308614307,0.26470196,0.0,0.13982479777747966
491,0.23816377176821174,0.18107831,0.0,0.13974736218313358
430,0.2224726969585057,0.19649327,0.0,0.13965532165716874
740,0.17306767718987437,0.16217548,0.08360969860387636,0.13961761744826887
385,0.15957256817715068,0.25905982,0.0,0.13954412825868098
637,0.12439064398043692,0.29292688,0.0,0.13910584057249406
855,0.18710224128760589,0.22958687,0.0,0.1388963702552772
776,0.28764007181470547,0.12888029,0.0,0.13884012133063525
560,0.20523887912919236,0.1543517,0.056747050682982136,0.1387792087280689
388,0.17625383956361804,0.24003388,0.0,0.13876257314658494
395,0.1862675884339282,0.22975771,0.0,0.13867509990841378
1129,0.25810757565189985,0.15720525,0.0,0.13843760983046421
361,0.12910115406754483,0.28586417,0.0,0.13832177614451405
800,0.16503025421172013,0.24977387,0.0,0.13826804303020115
248,0.2258598420349868,0.18886459,0.0,0.1382414769241582
902,0.17270418962273765,0.15235998,0.0896528256527947,0.1382389975466908
889,0.14066202937651268,0.27396193,0.0,0.13820798694785633
296,0.19630584010448876,0.21797204,0.0,0.13809262676029346
591,0.11071231656577947,0.303518,0.0,0.1380767712768805
1016,0.22752211056228966,0.18628478,0.0,0.13793563035486966
1017,0.2791416161375079,0.12167423,0.012721893395580398,0.13784591390599174
384,0.14081174132645588,0.27218488,0.0,0.1376655399713929
863,0.1720578054782611,0.24080417,0.0,0.13762065702666382
570,0.21495551135794386,0.19680066,0.0,0.13725205847507074
399,0.18321053271720725,0.22774155,0.0,0.13698402903222348
233,0.2337788806645465,0.17701146,0.0,0.13693011357679605
777,0.24661958924180907,0.16293278,0.0,0.13651745753568623
1112,0.14951608920417356,0.25992018,0.0,0.13647875634935872
999,0.206254387302664,0.20309825,0.0,0.13645087990610702
0,0.35712951270959736,0.029549873,0.02193558939052143,0.1362049915342678
716,0.17456803584551678,0.23400907,0.0,0.13619236934335982
272,0.24965086620726806,0.0854457,0.07279333317038422,0.13596330048453684
1133,0.22177045816991112,0.18591103,0.0,0.13589382924905546
144,0.2494674036886477,0.14995196,0.007204758787765402,0.13554137569772953
1014,0.15863097238870535,0.09892871,0.14888453573818558,0.13548140681176593
771,0.18809767220787388,0.2179469,0.0,0.13534819137511048
583,0.13710206308230413,0.2688887,0.0,0.13533025833720846
656,0.15526275555912442,0.25056025,0.0,0.13527433647256357
446,0.0954423630004439,0.3103031,0.0,0.13524848500110417
436,0.21566936797260583,0.18956251,0.0,0.13507729413230996
6,0.3057896973732641,0.09814645,0.0,0.13464538362435272
820,0.0905179871366714,0.31329975,0.0,0.13460591081931508
503,0.23141043142120304,0.17206164,0.0,0.13449068948838533
1074,0.2192251540435786,0.18369576,0.0,0.13430697246437054
923,0.11060142853154128,0.29162377,0.0,0.13407506657406154
427,0.21747702517827605,0.18373208,0.0,0.13373636755254617
1041,0.12848334377023213,0.2727041,0.0,0.1337291461395311
316,0.13609193809239103,0.26450312,0.0,0.13353168648947622
938,0.23537188159166444,0.14071555,0.024251819113838027,0.13344641835402582
329,0.14112124628541398,0.25799602,0.0,0.1330390896622258
548,0.19805545201978808,0.20082279,0.0,0.13295941250549995
461,0.1405271562559427,0.114177704,0.14390749413113754,0.13287078474816738
619,0.1484735669393847,0.24961674,0.0,0.13269676969115965
622,0.07653779486820024,0.32124802,0.0,0.1325952731900908
43,0.1500881391290857,0.24756229,0.0,0.13255014278902058
187,0.22732834598867493,0.1701454,0.0,0.13249125110258128
45,0.2229538625841154,0.17446174,0.0,0.13247186661974633
564,0.12431769004049265,0.27306142,0.0,0.13245970484476077
186,0.14639194643800285,0.2509245,0.0,0.13243881476026384
56,0.26271623517739534,0.1341389,0.0,0.1322850440795811
826,0.12871253737345095,0.26785707,0.0,0.13218987070366658
499,0.20437267358926758,0.19172582,0.0,0.13203283129741028
448,0.17664973877089488,0.21939622,0.0,0.13201531914279616
806,0.16682430253404115,0.22892785,0.0,0.13191738441910258
574,0.13615881703857352,0.2590959,0.0,0.13175157474995908
444,0.18172014707417974,0.1183141,0.09433183322732311,0.13145536086452123
82,0.13169507451726456,0.26232335,0.0,0.1313394747438479
926,0.13510224760877515,0.25849244,0.0,0.1311982291980168
97,0.1604835628770947,0.23191793,0.0,0.13080049850222666
337,0.15711095955498217,0.2352251,0.0,0.13077868529997666
1060,0.14800710504783146,0.24425152,0.0,0.13075287482981202
1085,0.1308025440862944,0.20956224,0.05183850607390074,0.13073443073043087
62,0.23429532427592717,0.15779264,0.0,0.1306959889961734
386,0.18758043384761103,0.203907,0.0,0.13049581062863433
305,0.2008287985857187,0.1904531,0.0,0.13042729860331806
997,0.13791870915480364,0.25282696,0.0,0.13024855601651109
378,0.24209467570544121,0.14737593,0.0,0.12982353402694344
745,0.1624279404614769,0.22695196,0.0,0.12979329907014645
978,0.11293631773990306,0.2764218,0.0,0.12978603436483913
729,0.16275082310241817,0.22636582,0.0,0.12970554755860686
486,0.25457979894688126,0.13373713,0.0,0.1294389769667069
341,0.19150467444101163,0.1961603,0.0,0.1292216586690452
615,0.2388653577511886,0.12469393,0.024091969151146645,0.12921708568380455
1114,0.1677986073320304,0.21972485,0.0,0.1291744853994977
57,0.23042178975001368,0.15707314,0.0,0.12916497663145396
147,0.23869346334259206,0.14787562,0.0,0.12885636175248522
394,0.16783788037101063,0.21870612,0.0,0.12884799881709827
573,0.0877693563936073,0.2983632,0.0,0.1287108550547864
389,0.22654409849905863,0.15942834,0.0,0.12865748055863346
470,0.2289872903642661,0.15624349,0.0,0.12841025951894147
205,0.19092838134647522,0.19385476,0.0,0.1282610484834549
816,0.1158344193719842,0.26793298,0.0,0.12792246687488482
958,0.19792981070500174,0.18577915,0.0,0.12790298833523048
129,0.14466382378128628,0.23881783,0.0,0.12782721656490517
904,0.11888522888502939,0.26450557,0.0,0.12779693135050094
307,0.20802674007769736,0.17510426,0.0,0.12771033350744618
1150,0.21698145079492995,0.1658603,0.0,0.1276139153635484
110,0.21384806905312662,0.1689607,0.0,0.12760292481754662
192,0.16230178548763843,0.15979066,0.060195426303306376,0.12742929223407165
762,0.1265619695402214,0.25488478,0.0,0.12714891633116632
628,0.13930437681198793,0.24191803,0.0,0.1270741347376528
616,0.10510266911225048,0.27583623,0.0,0.1269796328121971
390,0.2093219265305751,0.1713573,0.0,0.12689307679612616
808,0.15361432628581198,0.22684966,0.0,0.12682132885439287
332,0.1440469287772995,0.23635367,0.0,0.1268001981225286
1087,0.15616143543922784,0.22423644,0.0,0.1267992930260098
215,0.1506119881811312,0.22941251,0.0,0.12667483305740923
788,0.11181336176901423,0.26804775,0.0,0.12662037058839984
400,0.11602642676754328,0.2633921,0.0,0.12647283918832253
89,0.1440399010209685,0.23533948,0.0,0.1264597928930801
142,0.12689366565694216,0.25221756,0.0,0.12637040888782938
802,0.06826493134234408,0.31030452,0.0,0.1261898179522291
209,0.1663541363702532,0.12755796,0.08462024051913154,0.126177446674081
613,0.09860446238523109,0.1942163,0.08557832252140396,0.12613302699446988
1055,0.18464238849019904,0.19356924,0.0,0.12607054381481772
1001,0.2067514522073192,0.1705691,0.0,0.1257735197145913
975,0.2232029997565887,0.15390621,0.0,0.12570307033785652
993,0.19653732566509527,0.14834791,0.031927719215992086,0.12560431969999666
577,0.08370208735524869,0.2925773,0.0,0.1254264612835621
946,0.1515498139561641,0.22466165,0.0,0.1254038207432107
65,0.24046080464173092,0.13545163,0.0,0.1253041447998707
152,0.2210327837971018,0.15403941,0.0,0.1250240655113315
838,0.13221771840932706,0.22899647,0.0136841809073499,0.12496612329574708
26,0.2135447084728977,0.16117766,0.0,0.12490745782269706
609,0.12424047454365457,0.24924564,0.0,0.1244953727197924
795,0.22864592781007748,0.14459078,0.0,0.12441223598301564
1073,0.22111212146102746,0.15208538,0.0,0.12439916674236244
505,0.10633331762322239,0.26642334,0.0,0.12425222074511466
47,0.20799789562776483,0.08981149,0.07488974497852278,0.12423304319743432
1067,0.21930932771390463,0.15332766,0.0,0.12421232882879107
553,0.14283499479426529,0.22975963,0.0,0.12419820944512416
708,0.15283625198166803,0.21962082,0.0,0.12415235861394551
827,0.18000346270480713,0.19239457,0.0,0.12413267740699636
1143,0.21482092062538974,0.15743147,0.0,0.1240841296643221
79,0.17258333129506068,0.19922239,0.0,0.12393523905946398
790,0.14505884025990354,0.22670881,0.0,0.12392255158722199
70,0.18125304662026745,0.1904984,0.0,0.12391714779151075
651,0.1825487051775911,0.18905804,0.0,0.12386891359656581
939,0.24335092572283024,0.12822257,0.0,0.12385783184869843
593,0.13863623128361477,0.23137291,0.0,0.12333637968045796
984,0.2105608756213498,0.15253645,0.006678812016100812,0.1232587131513365
543,0.23676899764976583,0.13268094,0.0,0.12314997843252845
736,0.16216984717547758,0.20702662,0.0,0.12306548763811542
111,0.23462197943983754,0.13441913,0.0,0.12301370257953233
951,0.17745082582281918,0.19146183,0.0,0.12297088571802407
422,0.11908535888758556,0.24973468,0.0,0.12294001457084303
837,0.20864510793925428,0.15999326,0.0,0.12287945634603865
960,0.1816998801736034,0.18693306,0.0,0.12287764523122036
50,0.17133558147021197,0.19719411,0.0,0.12284323193254758
72,0.18978362410203378,0.17852423,0.0,0.12276928335075828
845,0.1847676552790815,0.18328694,0.0,0.12268486345670006
585,0.12387919621927952,0.24416244,0.0,0.12268054550642243
779,0.18333325884848442,0.18435264,0.0,0.12256196506192156
674,0.16316821264828799,0.20447004,0.0,0.12254608368742981
490,0.1926292790583196,0.174479,0.0,0.12236942395936856
1122,0.12269016792668766,0.14800055,0.09621716061575807,0.12230262726425284
51,0.1754153795428654,0.19145212,0.0,0.12228916510567335
194,0.14684008938874926,0.21992525,0.0,0.12225511465736934
94,0.1358644673159723,0.2307244,0.0,0.12219628721247132
137,0.17350295929103732,0.19308369,0.0,0.12219554930259664
703,0.1495640257812966,0.21626751,0.0,0.12194384567662837
428,0.17052932584417035,0.19522603,0.0,0.12191845146858749
696,0.17826858695899078,0.18747589,0.0,0.12191482562672638
581,0.11450613414178995,0.25122365,0.0,0.12190992923223544
711,0.19206550339333334,0.173295,0.0,0.12178683651643368
721,0.14169481302758963,0.22325693,0.0,0.1216505812454916
980,0.17448970124452304,0.19031599,0.0,0.12160189762820466
868,0.09552155610186927,0.2682267,0.0,0.12124942301466424
683,0.17551649273726624,0.18814215,0.0,0.12121954779258463
484,0.1824877814132349,0.18111095,0.0,0.12119957657914614
293,0.16760107976001196,0.1959665,0.0,0.12118919227454956
1005,0.16289060262354632,0.20007035,0.0,0.12098698466192491
862,0.1299201357345577,0.23297504,0.0,0.12096505721346525
290,0.19364145750110617,0.16912495,0.0,0.120922134499766
80,0.20366643565276374,0.15894122,0.0,0.12086921995672621
83,0.17285994587873726,0.13585456,0.05373262926334592,0.12081571076621533
895,0.12040633783709472,0.24191712,0.0,0.12077448542241077
688,0.09699967307574761,0.2646951,0.0,0.12056492700420225
629,0.1368188886892235,0.22480275,0.0,0.1205405453526787
117,0.16757367494206865,0.19392149,0.0,0.12049838881526138
134,0.1722304748899834,0.18910119,0.0,0.12044388808830236
128,0.142672528640764,0.21834776,0.0,0.12034009556516574
359,0.17374427290067662,0.18695438,0.0,0.12023288399413423
644,0.14185789181112315,0.21875991,0.0,0.12020593369443903
734,0.1148233326941857,0.24550901,0.0,0.12011078207592597
530,0.14957083553621334,0.21071935,0.0,0.1200967275121118
1077,0.15839887247169465,0.20163988,0.0,0.12001291608043661
78,0.13644263021481115,0.22354995,0.0,0.11999752578580407
218,0.19958291223338473,0.1597203,0.0,0.11976773795383251
271,0.24812682888978219,0.11117026,0.0,0.11976569699603153
333,0.20655668296547725,0.15243475,0.0,0.11966381145229603
821,0.16386144633822772,0.09817081,0.09607024275265202,0.11936749951288171
732,0.15693776328308712,0.20067723,0.0,0.11920499807908579
124,0.1821685592436188,0.17531684,0.0,0.11916179988461711
69,0.15422252957412028,0.20291448,0.0,0.11904566865625787
992,0.17856119479319157,0.17788956,0.0,0.11881691682862143
893,0.18859653176050498,0.13354903,0.0342636559679626,0.11880307410798568
646,0.18978321440851953,0.16662109,0.0,0.11880143446338265
81,0.17679485150005053,0.17925243,0.0,0.11868242743222458
1057,0.12494576446517844,0.23082595,0.0,0.11859057006671873
328,0.13730753559993525,0.21836445,0.0,0.11855732765173521
462,0.17564129165037373,0.18002118,0.0,0.11855415778432919
1086,0.13221377908582002,0.22325012,0.0,0.11848796665467987
479,0.2038532856360971,0.1515729,0.0,0.11847539455545937
165,0.15416704167635537,0.16730663,0.03362418504993738,0.11836595284326844
253,0.12093714314929896,0.23404841,0.0,0.11832851813313779
815,0.10256542393320987,0.2521465,0.0,0.11823731206772788
458,0.1354693178355707,0.21876267,0.0,0.11807732794086183
681,0.11615862126236903,0.23799711,0.0,0.11805191197357491
835,0.122038310779379,0.23132986,0.0,0.11778938969414969
968,0.09386402332906989,0.25893742,0.0,0.11760048059663862
49,0.14808666346539656,0.20464249,0.0,0.11757638433929814
545,0.10492578410143837,0.24769904,0.0,0.11754160709856347
259,0.11656487722156796,0.23582643,0.0,0.11746376997549783
529,0.11773456676774967,0.23418038,0.0,0.11730498090046561
1012,0.16109982330533465,0.19070007,0.0,0.11726663079173234
854,0.17425376450565516,0.1774781,0.0,0.11724395644514779
659,0.18601057721221936,0.11461347,0.05095243661470759,0.11719216241410058
1009,0.15778392169237127,0.19364816,0.0,0.11714402706543602
54,0.21525037610606068,0.13530612,0.0,0.11685216534162797
1091,0.18832182806228864,0.16146494,0.0,0.1165955908480461
691,0.14275946864663586,0.20700875,0.0,0.11658940596441104
705,0.19858410954171543,0.12991062,0.020916895167886876,0.11647054092546334
522,0.09876550823632782,0.25043097,0.0,0.11639882654012541
801,0.12365908701040829,0.22529808,0.0,0.11631905462615517
785,0.22195745848684784,0.12677242,0.0,0.11624329236835002
77,0.14532046844597996,0.20321308,0.0,0.11617784973659893
1108,0.14851835349162176,0.19966601,0.0,0.11606145394828504
697,0.1260580696029516,0.22193018,0.0,0.11599608187420674
246,0.16634332294775359,0.1178426,0.06353051216723328,0.11590547828818398
160,0.13402483052497255,0.21362321,0.0,0.11588268043758189
48,0.19891327350968493,0.1486714,0.0,0.11586155901231492
183,0.17457974257549239,0.17279789,0.0,0.11579254369762404
1071,0.20737995350418623,0.13991767,0.0,0.11576587506154556
255,0.1782562116120188,0.16900067,0.0,0.11575229397528464
34,0.14182103132987792,0.20537771,0.0,0.11573291472522673
761,0.10475348027928492,0.24183078,0.0,0.11552808712715514
262,0.18843642128490734,0.15801127,0.0,0.11548256461151218
829,0.16043299593470176,0.18573612,0.0,0.11538970522728786
286,0.1469325369408421,0.19862698,0.0,0.1151865057087836
833,0.1272137585511978,0.21807885,0.0,0.11509753675034229
335,0.18133207632665987,0.16372882,0.0,0.11502029820801535
787,0.13761953884811023,0.20705292,0.0,0.1148908183788287
841,0.15566641639367365,0.18876906,0.0,0.11481182459558255
755,0.15952133387704068,0.18490134,0.0,0.11480755855765401
115,0.13034288625631055,0.21369918,0.0,0.1146806877212833
937,0.14268196751441323,0.20129848,0.0,0.11466014759330538
360,0.14736096443151728,0.19653513,0.0,0.11463202993543709
842,0.12436579842994581,0.2189658,0.0,0.11444386568211838
260,0.18672416501403993,0.1565825,0.0,0.11443555650830649
943,0.16472119981510033,0.17847402,0.0,0.11439840791775979
206,0.15024804935443029,0.19263542,0.0,0.11429448877966279
357,0.10606122700312015,0.23634627,0.0,0.11413583387248476
769,0.17990443049971602,0.16198039,0.0,0.1139616070161407
1022,0.1422689600430555,0.19945484,0.0,0.11390793468033694
941,0.1489806689454048,0.19272873,0.0,0.11390313233378625
135,0.14822347330675634,0.1934117,0.0,0.11387838876123597
116,0.14397988862329694,0.19759281,0.0,0.11385756613987674
232,0.14621514630534072,0.19524781,0.0,0.11382098678819941
161,0.14779255483715698,0.19361544,0.0,0.11380266379703735
538,0.14483416773713537,0.19655736,0.0,0.1137971752148102
1013,0.15525307684101666,0.18593822,0.0,0.11373043367915021
638,0.12234211891838348,0.21855195,0.0,0.11363135586165202
511,0.11881084035019192,0.22191736,0.0,0.11357606712374459
61,0.14918561219218984,0.19138896,0.0,0.11352485894840166
706,0.1403726435711143,0.20007835,0.0,0.11348366561896793
122,0.14480305249189682,0.19545844,0.0,0.11342049815487647
225,0.1877854536696622,0.11524607,0.03720838591377209,0.11341330399832382
778,0.1457922394861845,0.19430214,0.0,0.11336479371753228
781,0.1587427728425943,0.18123218,0.0,0.11332498567142364
306,0.1780414027700543,0.16188294,0.0,0.11330811324151753
237,0.16820208917446522,0.1716341,0.0,0.1132787273671481
323,0.13445692262422135,0.2053017,0.0,0.11325287488225795
539,0.14302729333068415,0.19671912,0.0,0.11324880608129993
1138,0.20958982102340365,0.13010444,0.0,0.11323141949794657
179,0.12228189961466271,0.16910127,0.04799700411451411,0.11312672392741056
100,0.13686103916393186,0.2024783,0.0,0.1131131145564267
301,0.09390493960197827,0.2452837,0.0,0.11306287755905277
617,0.10030693137033583,0.23833957,0.0,0.11288216817174952
264,0.17523779763492958,0.13697709,0.02626935037908552,0.11282807981521094
1024,0.16870115942928596,0.16970997,0.0,0.11280370833864943
507,0.20281423978098015,0.1355527,0.0,0.11278898137174638
326,0.19711593306851413,0.141234,0.0,0.11278330954178184
88,0.1481134152282162,0.19016191,0.0,0.11275844295385425
114,0.12933890562673042,0.20885076,0.0,0.1127298873047684
401,0.1460128286184407,0.19201033,0.0,0.11267438559735936
925,0.14629328791712362,0.19148745,0.0,0.11259357811482296
202,0.12106379580724352,0.21654435,0.0,0.11253604694283047
353,0.150691215981753,0.14072289,0.04617203390670584,0.11252871187211373
979,0.16020521502713564,0.17734706,0.0,0.11251742634846172
155,0.13149497960106343,0.2058758,0.0,0.11245692622031044
406,0.08902067907201568,0.24829954,0.0,0.11244007272040618
501,0.17751100716980114,0.15969168,0.0,0.11240089455575353
744,0.12002961006468592,0.21681416,0.0,0.11228125680389027
635,0.12025472794710226,0.21643123,0.0,0.11222865275124254
930,0.1676007265918602,0.16907024,0.0,0.11222365680910314
770,0.16819513892312069,0.16834778,0.0,0.11218097161974912
393,0.13615452234127084,0.20022282,0.0,0.1121257807949449
924,0.12112456177835708,0.21492065,0.0,0.1120150722237595
1076,0.14393638464200276,0.19194749,0.0,0.11196129153962857
517,0.08584903158213977,0.24967013,0.0,0.11183972152559718
1045,0.11655281170342617,0.21888414,0.0,0.11181231731883107
942,0.14874659787430483,0.18665275,0.0,0.11179978255038168
945,0.19291641145601843,0.14239985,0.0,0.11177208632116509
474,0.12652244704127297,0.20835179,0.0,0.11162474598209059
626,0.12885395056006682,0.20599681,0.0,0.11161692064999663
123,0.14074767631522717,0.19356276,0.0,0.11143681242145399
482,0.1873092615087566,0.14679942,0.0,0.11136955895290564
655,0.13638899335405888,0.19735974,0.0,0.1112495780293864
523,0.07639309306249754,0.25725693,0.0,0.1112166727228487
728,0.14905032612028288,0.1843404,0.0,0.11113024286807434
718,0.186462565509804,0.14669055,0.0,0.11105103765869402
402,0.10536108247865282,0.2277364,0.0,0.11103249368544765
673,0.16565600816772721,0.16740778,0.0,0.11102126301780786
580,0.09172513381614018,0.24132942,0.0,0.11101818348293081
572,0.07902896321771966,0.2539932,0.0,0.11100739213148232
101,0.1491247673717676,0.1835019,0.0,0.11087555553805624
268,0.1767398930339149,0.15583186,0.0,0.11085725051655144
3,0.26391831917913466,0.06858872,0.0,0.11083567931702305
803,0.13452454433692915,0.19762833,0.0,0.11071762616718288
411,0.08038044409634655,0.251326,0.0,0.11056881294211408
920,0.15837095365565462,0.17332196,0.0,0.11056430533740734
881,0.11031962682712494,0.22135384,0.0,0.11055782354509969
483,0.1684487905557016,0.16317172,0.0,0.1105401713468982
611,0.1303648567100038,0.16530277,0.0358984127425148,0.11052201260072204
921,0.15820629571053396,0.17323422,0.0,0.11048017334333066
880,0.11986205254506233,0.21157141,0.0,0.11047782094780327
457,0.10443248444142535,0.2109015,0.016051894015249476,0.1104619590837435
481,0.1495708973232886,0.18178022,0.0,0.11045037213378418
86,0.10321910272964992,0.22792108,0.0,0.11038006209972552
292,0.10840242346780389,0.22273648,0.0,0.11037963377322385
265,0.14442368465674563,0.18659781,0.0,0.11034049795075469
658,0.12362549039060021,0.20729205,0.0,0.11030584683793832
766,0.1267981611500625,0.20409894,0.0,0.11029903368189746
75,0.17136348707855295,0.15931718,0.0,0.11022688919762953
29,0.15562632271681243,0.17472796,0.0,0.11011809471260843
331,0.11843495047037478,0.21171942,0.0,0.11005145800095358
112,0.15321468365640503,0.17666776,0.0,0.10996081614643687
413,0.09786606184739552,0.23190026,0.0,0.1099221072332683
267,0.1661624113489588,0.16329287,0.0,0.10981842709148593
68,0.17569984863142682,0.12090825,0.03278411357294945,0.1097974050330849
266,0.12687807993267722,0.20243949,0.0,0.1097725223043718
327,0.19736779871731694,0.13191956,0.0,0.1097624538446456
798,0.12773396999225434,0.20146084,0.0,0.1097316027700418
861,0.11735308248597727,0.21168447,0.0,0.10967918263143416
531,0.15755204156847508,0.17137122,0.0,0.10964108770361115
792,0.18559527715812021,0.14328744,0.0,0.10962757077736951
773,0.18437422120350758,0.14439596,0.0,0.10959006118700954
1051,0.11216720032193804,0.21645457,0.0,0.10954058861566433
410,0.08694098418212161,0.24167222,0.0,0.10953773400934612
759,0.18353176555187925,0.14473496,0.0,0.10942224310885344
639,0.15602216059274043,0.17216787,0.0,0.10939667600494811
229,0.15250504977055462,0.17488146,0.0,0.1091288360176751
903,0.1768713343661309,0.1504107,0.0,0.10909401041008633
753,0.12420727373698025,0.20298426,0.0,0.10906384408983479
184,0.15582472057547544,0.17118637,0.0,0.10900369773774139
546,0.1122922061882002,0.21459007,0.0,0.10896075960667871
453,0.16603008903451166,0.1606281,0.0,0.10888606143457162
836,0.14658866341863952,0.18001118,0.0,0.10886661548069743
552,0.18636235546609486,0.14000072,0.0,0.10878769043929287
214,0.13504789335865608,0.1913014,0.0,0.10878309959616539
1098,0.1990461615362828,0.12705645,0.0,0.10870087039600031
824,0.15353719771095084,0.17241621,0.0,0.10865113596183713
181,0.13785092666395324,0.18794449,0.0,0.10859847113373484
252,0.1644100443881933,0.16096553,0.0,0.10845852548421038
106,0.17189678118546492,0.15323514,0.0,0.10837730621602697
279,0.18409735281952938,0.14078404,0.0,0.10829379763765044
1031,0.10860647091674981,0.21607238,0.0,0.10822628381983497
555,0.16573042745383354,0.15871684,0.0,0.10814908999533047
200,0.1473165284631349,0.17680997,0.0,0.10804216500910446
108,0.1418557555606186,0.18223406,0.0,0.10802993976838786
317,0.15033691971236623,0.17365257,0.0,0.10799649804411383
853,0.1194078761962383,0.20400901,0.0,0.10780562919468777
37,0.15064291590462936,0.17276016,0.0,0.10780102489395543
884,0.20869970059278822,0.099176936,0.014744826402989356,0.10754048761578383
554,0.15170108907954272,0.17054254,0.0,0.10741454241519628
588,0.18658463520860294,0.13564995,0.0,0.10741152817360433
528,0.09237518590779592,0.22978365,0.0,0.1073862800402492
379,0.1399531560835294,0.1318227,0.05020058643863135,0.10732548259700687
774,0.18109378411087418,0.14086378,0.0,0.1073191867726148
204,0.0930809337631676,0.22871543,0.0,0.10726545614453864
797,0.11539353270748462,0.20638558,0.0,0.10725970513098508
467,0.09683808812661536,0.22448175,0.0,0.10710661156033002
131,0.1302131114529309,0.1906482,0.0,0.10695376986022583
720,0.18737766309368414,0.1333709,0.0,0.10691618973608746
783,0.21529706104949572,0.105291836,0.0,0.10686296567107394
831,0.15608404581519547,0.16440666,0.0,0.10683023434470952
477,0.18389564125780533,0.13597363,0.0,0.10662309119782272
285,0.1173932469402089,0.20238812,0.0,0.10659378987267065
809,0.13125056954862402,0.18835878,0.0,0.10653645109018262
476,0.1594951730148771,0.15994024,0.0,0.10647847192740369
174,0.17113302633626631,0.14822766,0.0,0.10645356272811152
17,0.20957641376764963,0.10908972,0.0,0.10622204367886447
299,0.16639522681846503,0.15199573,0.0,0.1061303200662609
288,0.15810552296518615,0.160183,0.0,0.1060961735165097
909,0.1500334854738984,0.16823111,0.0,0.10608820007301283
473,0.10637722044085403,0.21170451,0.0,0.10602724263699498
236,0.1742915957277284,0.14368619,0.0,0.10599259532508803
830,0.1595911723733061,0.1353183,0.02300015906210518,0.10596987520097663
1059,0.10595172371782206,0.21187568,0.0,0.10594246694219557
74,0.17383230527954466,0.14372905,0.0,0.10585378375555794
199,0.10962157762139506,0.20789225,0.0,0.10583794387211226
84,0.14861914578080881,0.16880527,0.0,0.10580813905596968
693,0.14507583282633674,0.17222208,0.0,0.10576597022428795
750,0.1523835557191142,0.1647947,0.0,0.1057260846922321
19,0.17965904319097198,0.13745514,0.0,0.10570472625828319
584,0.14182421354091013,0.17524518,0.0,0.10568979808898715
764,0.1550353273478514,0.16187875,0.0,0.10563802569201808
242,0.14875816214990087,0.16802792,0.0,0.10559536155366722
763,0.12609696479334287,0.1903909,0.0,0.10549595485691843
309,0.21795742635701842,0.098436475,0.0,0.10546463371904276
666,0.153203130008946,0.1631109,0.0,0.10543800898464857
873,0.11603300280078357,0.2002392,0.0,0.10542406640683315
92,0.18714574549964938,0.12874028,0.0,0.10529534212209075
544,0.08536497846791304,0.22985725,0.0,0.1050740765053337
828,0.13879788825945313,0.17530623,0.0,0.10470137301430522
995,0.131921927363041,0.18208477,0.0,0.10466889879119494
42,0.14558626599091598,0.16802502,0.0,0.10453709425852797
498,0.22412563583657164,0.089479215,0.0,0.10453495042656864
364,0.10027329689102739,0.2132923,0.0,0.10452186586405625
515,0.137592659966286,0.16552728,0.010426152689248914,0.10451536560029671
730,0.09766411991234741,0.21580425,0.0,0.10448945632019348
818,0.16922204125907522,0.14413404,0.0,0.10445202863543068
311,0.14445804169486393,0.16884367,0.0,0.10443390445812023
396,0.12870319300945776,0.18402119,0.0,0.10424146093943443
241,0.13386056801828347,0.17796731,0.0,0.10394262599002191
905,0.09772422941735218,0.21401705,0.0,0.10391375929849289
989,0.20232570357250418,0.10872621,0.0,0.10368397148823488
722,0.17747110045297318,0.13337205,0.0,0.10361438465232113
521,0.1550078801066246,0.15557131,0.0,0.1035263972729632
535,0.1123535568513901,0.19803411,0.0,0.10346255484549306
870,0.11079398921410634,0.19952056,0.0,0.10343818244430884
180,0.18618194299557297,0.12393023,0.0,0.10337072457743517
143,0.13249034632134563,0.17757404,0.0,0.10335479494229993
162,0.1377179394601941,0.17213538,0.0,0.10328444078363179
675,0.13564587691466445,0.17409277,0.0,0.10324621551248907
810,0.14375238089695402,0.16585822,0.0,0.1032035349770878
917,0.12750859712788756,0.18202817,0.0,0.10317892384273904
1035,0.18530452405634085,0.12394491,0.0,0.10308314414561642
633,0.15692126204286477,0.15210894,0.0,0.10301006651492405
682,0.16191550315006448,0.14701357,0.0,0.1029763593295676
605,0.17276170142548725,0.12395955,0.011475225661003384,0.10273215861929068
356,0.09563067858425443,0.21208775,0.0,0.10257280967304332
865,0.09826130935787229,0.20929746,0.0,0.10251959088523875
520,0.14407970159132635,0.16318835,0.0,0.10242268492407054
586,0.08439084842345371,0.22280975,0.0,0.10240019842830383
510,0.10111381350610281,0.20581017,0.0,0.102307995950691
334,0.16272058809920312,0.14412089,0.0,0.10228049167369524
760,0.08832957206645621,0.21845348,0.0,0.10226101795328661
707,0.1333648548194537,0.1733381,0.0,0.10223431837786467
113,0.12081301838055365,0.1855036,0.0,0.1021055401361489
228,0.18446407373023813,0.12183505,0.0,0.1020997088991032
55,0.15768608999420836,0.14842321,0.0,0.10203643326020782
934,0.14741327135277085,0.1585092,0.0,0.10197415540123082
878,0.08144050669407187,0.22429302,0.0,0.10191117668064216
371,0.15873612745379603,0.14697361,0.0,0.10190324579270416
649,0.13489041229416837,0.17043707,0.0,0.10177582668042816
163,0.13167080499482023,0.17355543,0.0,0.1017420795816576
1023,0.146501792238729,0.15848365,0.0,0.10166181549978813
391,0.14732734416021295,0.15732096,0.0,0.10154943517212534
375,0.1202427214404881,0.18400085,0.0,0.10141452372143467
421,0.08828422729690724,0.18155311,0.034316001769199446,0.10138444651547174
245,0.15513135636673261,0.14612572,0.002684026849682416,0.10131370072254677
765,0.15215929279894816,0.1516585,0.0,0.10127259933342929
224,0.18242231778773735,0.12139374,0.0,0.10127201932163062
189,0.14028703339992096,0.16350846,0.0,0.10126516444185751
843,0.12086742723082629,0.18288529,0.0,0.101250905474342
455,0.10564587992089515,0.19809428,0.0,0.101246719498295
569,0.14011241551871448,0.16361217,0.0,0.10124152917542506
791,0.15307561332206915,0.15062104,0.0,0.10123221832586987
648,0.15020312967138988,0.152957,0.0,0.10105337898677423
910,0.10057029466078958,0.20224385,0.0,0.10093804809863793
408,0.15569130813099252,0.14702588,0.0,0.10090573044292565
846,0.1296840148742764,0.1728803,0.0,0.10085477390473978
549,0.15866570289276896,0.14366928,0.0,0.10077832677411654
727,0.12454222798606554,0.17721349,0.0,0.10058523933179113
566,0.14583953581187764,0.15584353,0.0,0.10056102064561062
857,0.17758340343307524,0.12402391,0.0,0.10053577010655095
99,0.14686782582108165,0.15466563,0.0,0.10051115328571526
578,0.17080225617393913,0.13072585,0.0,0.10050936728949368
38,0.1985041754557446,0.102905035,0.0,0.10046973682488851
30,0.14934662599953927,0.15204827,0.0,0.1004649669580755
620,0.13630605773362092,0.1650731,0.0,0.10045971816192922
641,0.16146941584104232,0.13990356,0.0,0.10045765870728074
35,0.13121159306063657,0.16988459,0.0,0.10036539511844318
724,0.13862375360097706,0.1621082,0.0,0.10024398380308092
996,0.14001919881134361,0.16034596,0.0,0.10012171849816749
234,0.148044955896711,0.15225546,0.0,0.10010013883887914
1040,0.13221982380072858,0.16807295,0.0,0.10009759254031907
447,0.09478757289424054,0.20548595,0.0,0.100091175924985
702,0.15064940670418617,0.14959285,0.0,0.10008075111206331
60,0.17848375270345004,0.121641345,0.0,0.10004169934186073
516,0.1758880110089009,0.124007426,0.0,0.09996514573706604
321,0.1096340467561425,0.19021668,0.0,0.09995024071895882
441,0.13115841158481778,0.16842465,0.0,0.09986102087051452
220,0.1528560051216727,0.14635387,0.0,0.09973662525064565
1027,0.12291279512800994,0.17629342,0.0,0.09973540431313456
805,0.09274002817964139,0.20620906,0.0,0.09964969723653655
217,0.1637476356564279,0.13507275,0.0,0.09960679616326477
210,0.14437343046178736,0.15433851,0.0,0.09957064643538766
59,0.1527199920542883,0.14587274,0.0,0.09953091133064189
1120,0.1586113967162685,0.13985032,0.0,0.09948723838270758
342,0.15547991172757225,0.14276323,0.0,0.09941437965064075
103,0.11994162060023171,0.17794739,0.0,0.0992963358998326
314,0.16433177641583668,0.13334519,0.0,0.09922565437539811
230,0.12125755494855713,0.17639698,0.0,0.0992181786100827
738,0.13980234714514939,0.15779917,0.0,0.09920050552211512
867,0.1511803502146744,0.14617386,0.0,0.09911807160590567
195,0.11304990432629564,0.18381216,0.0,0.09895402021530462
590,0.10746447070611984,0.18934779,0.0,0.09893741979921351
14,0.1880234538422345,0.108779825,0.0,0.09893442637080348
1037,0.18787083340087668,0.10859536,0.0,0.09882206324868446
283,0.1572338185876343,0.13881095,0.0,0.09868158870835216
550,0.14131784826180505,0.15465891,0.0,0.09865892062472359
661,0.1183617886148103,0.17739694,0.0,0.09858624227319186
239,0.12409088853647558,0.17139916,0.0,0.09849668325202415
1093,0.12975377007154068,0.16570173,0.0,0.09848516737033075
40,0.14651907431830083,0.14892447,0.0,0.09848118142203859
640,0.11886622939683149,0.17655098,0.0,0.09847240459315364
96,0.1248346223339675,0.1699199,0.0,0.09825150515984289
419,0.07872673175262627,0.21602504,0.0,0.09825059043542285
965,0.1568299313395889,0.1378425,0.0,0.09822414583662058
751,0.10095651777698002,0.193694,0.0,0.09821683775091634
176,0.10564747033932649,0.1889219,0.0,0.09818978964758861
647,0.1563708082614002,0.13807379,0.0,0.09814819845152091
1094,0.11275227911791916,0.18167977,0.0,0.09814401648945847
664,0.14516641907936484,0.14877136,0.0,0.09797925986530433
1050,0.086254335446491,0.20765005,0.0,0.09796812865579596
9,0.20498419431923917,0.088741824,0.0,0.09790867278337179
175,0.11067877645941564,0.18302833,0.0,0.09790236729930503
562,0.12785112768600324,0.16569722,0.0,0.09784944822453771
1090,0.12593699670193265,0.16758758,0.0,0.09784152499953135
315,0.14296339124857732,0.15054163,0.0,0.09783500820537193
627,0.10429359389848854,0.18868011,0.0,0.09765790208679882
102,0.1572603005352501,0.13561897,0.0,0.09762642344444605
936,0.16778135900278185,0.124764666,0.0,0.09751534165468247
927,0.1350430394417544,0.15739186,0.0,0.09747830017429258
376,0.1353682284268532,0.15697944,0.0,0.09744922335653815
698,0.10837632006949259,0.18375757,0.0,0.09737796447855258
731,0.15046764703906576,0.14158852,0.0,0.09735205700767373
512,0.15796921423046345,0.13386296,0.0,0.09727739052960792
913,0.09902418036211427,0.19273813,0.0,0.09725410368359384
576,0.11134538634421977,0.18019249,0.0,0.09717929059863935
603,0.16497714083476767,0.1263819,0.0,0.09711968157385424
645,0.12512876485496074,0.16618733,0.0,0.09710536531179914
73,0.11587206860073222,0.17521903,0.0,0.09703036592962945
153,0.10834973344313419,0.18258987,0.0,0.09697986903822196
667,0.1505596694357304,0.14035626,0.0,0.09697197566453312
887,0.11196292592467025,0.17858574,0.0,0.09684955462277318
249,0.11233358905030258,0.17815617,0.0,0.09682991877301854
10,0.20419304530544014,0.086210184,0.0,0.09680107636823565
568,0.0756175863912416,0.21439774,0.0,0.09667177657851618
662,0.10299769029785102,0.1868879,0.0,0.0966285317664971
185,0.15384618933477306,0.13585961,0.0,0.09656859932832686
238,0.148799236141957,0.14076139,0.0,0.09652020882345476
796,0.1314494350609558,0.15804142,0.0,0.09649695088656006
690,0.13961103836235098,0.14963566,0.0,0.09641556534348823
109,0.16504249404148638,0.12417124,0.0,0.0964045787197894
257,0.09660253375841255,0.19254896,0.0,0.09638383140190798
363,0.1523958962304319,0.1363456,0.0,0.09624716378393854
127,0.10993583327484878,0.17874256,0.0,0.09622613034630072
414,0.13437734014836084,0.15427695,0.0,0.09621809743194822
105,0.14132647195260323,0.14703289,0.0,0.09611978623204959
676,0.08933574354950238,0.1986806,0.0,0.09600544603766219
472,0.12432622132806079,0.16354623,0.0,0.09595748523244625
170,0.15435684643517059,0.13325965,0.0,0.09587216682675852
67,0.14359289850420145,0.14372934,0.0,0.09577408083818484
665,0.13421984417461094,0.1530583,0.0,0.09575938318577985
178,0.1443910254882052,0.14279947,0.0,0.09573016411219287
284,0.1180131227594428,0.1690304,0.0,0.09568117362995322
630,0.14189719789332458,0.14457972,0.0,0.09549230712356271
392,0.14677703447688928,0.13962972,0.0,0.09546891870614327
398,0.16331266183384036,0.12303304,0.0,0.09544856703522396
972,0.15320336158229328,0.13272291,0.0,0.09530875860039863
221,0.17429891150070576,0.11144942,0.0,0.09524944398427455
203,0.08841422641560667,0.19731198,0.0,0.09524206964269359
231,0.0944595705368061,0.19110617,0.0,0.09518858031756146
883,0.1074738866129569,0.16785493,0.009582055379490903,0.09497029230774973
417,0.13348985584045966,0.15128474,0.0,0.09492486507185804
747,0.12497681455620815,0.15969995,0.0,0.09489225373271004
540,0.14144045256873933,0.14305364,0.0,0.09483136284119874
251,0.12041653235933328,0.16386274,0.0,0.09475975579745617
973,0.10477991502587278,0.17930426,0.0,0.09469472402037608
90,0.12630897657702053,0.15776476,0.0,0.09469124640567332
680,0.1340427701708629,0.1499919,0.0,0.09467822329987931
793,0.11910002080105443,0.16468117,0.0,0.09459372907050019
320,0.09593503605784892,0.18756674,0.0,0.09450059278627872
912,0.15272891006667197,0.13054767,0.0,0.09442552752560636
604,0.15010884460434257,0.13303432,0.0,0.09438105442995808
990,0.12115171002047578,0.16185363,0.0,0.09433511213030192
270,0.23541543172361978,0.047533643,0.0,0.09431635807475292
1036,0.11494782397177244,0.16721857,0.0,0.09405546330420979
274,0.11504493045776569,0.16694626,0.0,0.09399706419298876
18,0.16331578735291774,0.11829171,0.0,0.09386916688342828
36,0.15272566101035356,0.12886083,0.0,0.09386216409034491
689,0.15441265722387615,0.12696198,0.0,0.09379154450454176
872,0.14557608654778448,0.13573427,0.0,0.09377012051039685
1095,0.11009413500387881,0.17079666,0.0,0.09363026585764161
382,0.13226459310131794,0.1485674,0.0,0.09361066217448157
41,0.14950402521792855,0.131153,0.0,0.09355234253308443
587,0.15677602424820986,0.12363801,0.0,0.09347134525445012
372,0.16252753977447612,0.117716566,0.0,0.09341470183422122
168,0.09466972760318935,0.18545932,0.0,0.0933763477933381
32,0.13355411521736985,0.14618136,0.0,0.09324515836816431
118,0.13202587835292348,0.14760715,0.0,0.09321100868218583
692,0.19373826373283012,0.08530977,0.0,0.09301601247212603
190,0.11243461845990484,0.16632953,0.0,0.09292138377387148
169,0.1491925008558534,0.12954372,0.0,0.09291207417724207
982,0.14096692955775864,0.13738345,0.0,0.09278345855171087
158,0.1123237249965685,0.1656276,0.0,0.0926504412530269
172,0.12253127502556596,0.15522978,0.0,0.09258701737442265
525,0.15622720190846548,0.12125564,0.0,0.09249428185808535
654,0.1100827248912277,0.16705307,0.0,0.09237859951195526
351,0.154180771129374,0.12272458,0.0,0.09230178297130409
21,0.1750778517479317,0.10148242,0.0,0.09218675763589197
756,0.12820037792464944,0.1479584,0.0,0.09205292526331495
282,0.17237697943581898,0.10366807,0.0,0.09201501692180421
159,0.08904803753886781,0.18667291,0.0,0.09190698286226777
208,0.107544498211368,0.16806252,0.0,0.0918690070729203
297,0.1551245245017617,0.120347925,0.0,0.09182414967742263
164,0.12116182090972158,0.15387931,0.0,0.09168037852358253
207,0.1254124569758917,0.14876474,0.0,0.0913924004589566
875,0.1480096905933134,0.1256817,0.0,0.09123046297186983
813,0.1625566321198005,0.11087492,0.0,0.09114385106775029
370,0.09925677879153792,0.17416887,0.0,0.09114188288151921
888,0.11377451864076557,0.15937702,0.0,0.09105051407281857
256,0.13036630797052046,0.14278346,0.0,0.09104992365725723
459,0.12281389590944218,0.15014687,0.0,0.0909869225715444
222,0.14272072478011913,0.12988743,0.0,0.0908693855466964
312,0.11996380776229229,0.15221024,0.0,0.09072468111933181
513,0.1171864443628253,0.15449461,0.0,0.09056035259062256
1110,0.16310338385127943,0.1083799,0.0,0.09049442810225143
247,0.11520633151766942,0.15585776,0.0,0.09035469608385459
886,0.12013733702193563,0.1499431,0.0,0.0900268118159336
405,0.12228041081773568,0.14757028,0.0,0.0899502310128587
684,0.1348269075130241,0.13495961,0.0,0.0899288386098152
918,0.12768399346557635,0.14208722,0.0,0.0899237382037354
981,0.15267042932513458,0.11695575,0.0,0.08987539300522242
575,0.13070736665537602,0.13854109,0.0,0.08974948472119254
563,0.11504501996839055,0.15405583,0.0,0.08970028459497296
892,0.10666307927311773,0.16202694,0.0,0.0895633403497978
986,0.13199212651029893,0.13614541,0.0,0.0893791798107348
1030,0.11759050897680955,0.15024762,0.0,0.0892793758442774
694,0.11105840622869749,0.15676136,0.0,0.08927325645912892
567,0.11711204284211756,0.15059975,0.0,0.08923726357943734
991,0.135317637889015,0.13216811,0.0,0.08916191735811607
679,0.07948412924002071,0.18778364,0.0,0.08908925761444852
672,0.1257495098624448,0.14130071,0.0,0.08901673930598035
922,0.12487602621860136,0.14123918,0.0,0.0887050691265094
944,0.14729261353077042,0.11825861,0.0,0.08851707463284846
653,0.10217517953202165,0.16331926,0.0,0.08849814647133164
533,0.1395749062830819,0.12583183,0.0,0.08846891126813534
377,0.12548561652020482,0.1398399,0.0,0.0884418396801282
871,0.10120357504233485,0.16407366,0.0,0.08842574533735635
173,0.13520363605729874,0.12984885,0.0,0.08835082960364599
822,0.1450430765422693,0.120002784,0.0,0.08834862012573452
450,0.11850684074535507,0.14631873,0.0,0.08827519147917474
976,0.10152534182682514,0.1630418,0.0,0.08818904736245632
940,0.12807591223612233,0.13577046,0.0,0.0879487890796357
897,0.08517271015319453,0.1785036,0.0,0.0878921042987811
668,0.1744970215037358,0.089027524,0.0,0.08784151516606054
304,0.13680449205622763,0.12669808,0.0,0.08783418959374457
851,0.10299742603736713,0.16033277,0.0,0.08777673173095647
1053,0.13102630139807167,0.1322808,0.0,0.08776903272145094
807,0.10748183474810073,0.15538554,0.0,0.08762245789458735
657,0.1516399668253961,0.11099945,0.0,0.08754647230431446
901,0.08921059235785782,0.17342566,0.0,0.08754541729839106
319,0.10357548029018161,0.1590075,0.0,0.08752766162419556
864,0.1208927987816354,0.14167629,0.0,0.08752303020167418
336,0.17706310494229757,0.085372716,0.0,0.08747860704357613
171,0.12572631433641307,0.13644245,0.0,0.08738958900185224
726,0.11068183061489666,0.15098262,0.0,0.08722148298226862
877,0.08169234568652578,0.17983271,0.0,0.08717501916745328
541,0.0859784392065661,0.17541912,0.0,0.08713252039574441
536,0.09781082299453794,0.16322136,0.0,0.08701072741582254
354,0.13761660808329734,0.12288558,0.0,0.08683406182131818
625,0.09977329827347381,0.16066206,0.0,0.08681178442967925
519,0.11312579235849884,0.14708453,0.0,0.08673677550891408
670,0.10199569101745232,0.15813392,0.0,0.08670987167495603
302,0.10223684606052018,0.15737939,0.0,0.08653874495657476
240,0.0926757594259779,0.16690212,0.0,0.08652596143590742
860,0.10863245320892105,0.1501026,0.0,0.08624501788806839
250,0.1192821473564709,0.13928945,0.0,0.08619053366071665
823,0.08957895482030837,0.16896069,0.0,0.08617988177288681
295,0.14706904414979097,0.11112242,0.0,0.08606382202336349
1044,0.12268705173646807,0.13514312,0.0,0.08594338928433061
15,0.14650619382882904,0.11119011,0.0,0.08589876809128387
412,0.09790428747562761,0.15973085,0.0,0.08587837970862189
618,0.0999930957108124,0.15720059,0.0,0.08573122849561716
355,0.09745941801852089,0.15973066,0.0,0.0857300253178878
373,0.11903862865218443,0.1380425,0.0,0.08569370776894662
243,0.11865530935899936,0.13834468,0.0,0.08566666155383496
352,0.12107400630247733,0.1354406,0.0,0.08550486973369169
819,0.11941313353553558,0.13689536,0.0,0.08543616403266835
407,0.1295760410262517,0.12625633,0.0,0.08527745760922206
121,0.1281471444169207,0.12730597,0.0,0.0851510380042766
589,0.10261321497920252,0.15248792,0.0,0.08503371123791766
749,0.14179736006002602,0.11301184,0.0,0.08493639902188042
13,0.15955736125005526,0.09510895,0.0,0.0848887699660104
977,0.08963988800231842,0.16497232,0.0,0.08487073606711039
156,0.1376293135150275,0.116524495,0.0,0.08471793623314967
201,0.14692421318575621,0.10708622,0.0,0.08467014402642807
130,0.09728605454481412,0.15601954,0.0,0.08443519772859669
866,0.13882540114126274,0.11421726,0.0,0.08434755337702456
166,0.10557582192233267,0.14697711,0.0,0.08418431120650988
28,0.11486597000293713,0.1370948,0.0,0.08398692190227502
967,0.11243111784708884,0.13828254,0.0,0.08357121843580533
631,0.07763868063304459,0.1729304,0.0,0.08352302839230707
1049,0.11462570191598404,0.13571087,0.0,0.0834455223917182
608,0.08530483870816687,0.16474983,0.0,0.08335155655646476
126,0.12619035755620997,0.12384712,0.0,0.0833458256887946
31,0.11820206731016798,0.13143392,0.0,0.08321199546077306
451,0.09049345507401128,0.15892023,0.0,0.08313789451843467
508,0.10591835392528404,0.14332253,0.0,0.08308029377796129
313,0.15275903980420213,0.096452035,0.0,0.08307035827135438
469,0.12368061120379889,0.12533882,0.0,0.08300647793567487
987,0.12431585466654643,0.124417454,0.0,0.08291110289027805
832,0.09342438437173964,0.1547965,0.0,0.08274029346846938
368,0.10180616295074077,0.1461627,0.0,0.08265628886134972
733,0.1333668711193803,0.11459559,0.0,0.08265415438044081
859,0.08249723176529217,0.1652359,0.0,0.08257771286822096
735,0.11454997029369011,0.13298434,0.0,0.08251143682819252
374,0.10031585702701605,0.14703411,0.0,0.08244998855525983
799,0.13912498110623753,0.108204015,0.0,0.08244299856852026
133,0.1610477907933489,0.08597648,0.0,0.08234142407701067
969,0.10957334113318914,0.1367286,0.0,0.08210064693357942
1111,0.11305617802645597,0.13297826,0.0,0.08201147951452543
504,0.1498448987714328,0.095483854,0.0,0.08177625106148845
856,0.11660019640471979,0.12867342,0.0,0.08175787192035532
742,0.08015533472062222,0.1649698,0.0,0.0817083788744644
914,0.09539737648796255,0.14966793,0.0,0.08168843669040737
339,0.1150917182532956,0.1298037,0.0,0.08163180682950583
445,0.09159340280210802,0.15271886,0.0,0.08143741991094693
1039,0.1169007813522369,0.12619649,0.0,0.0810324233634323
915,0.07640652184941799,0.16520086,0.0,0.08053579371922026
294,0.09980407864577615,0.14173587,0.0,0.0805133151038721
415,0.07957436408552501,0.16131935,0.0,0.08029790310711653
879,0.10334613672506791,0.13752109,0.0,0.08028907494946315
420,0.07612046308660461,0.16470149,0.0,0.08027398489363972
1032,0.11039046424763578,0.13039114,0.0,0.08026053335314716
91,0.10936917977464179,0.13069049,0.0,0.08001988833789024
22,0.13661434779109277,0.10328885,0.0,0.07996773315648807
366,0.08677492917512773,0.15301847,0.0,0.07993113458466172
138,0.12554896384542003,0.114140265,0.0,0.07989640951178079
994,0.11377799957049634,0.12586056,0.0,0.07987951884353407
869,0.08498941571148837,0.15417966,0.0,0.07972302605917919
752,0.09846731242698122,0.1404289,0.0,0.07963207104855673
700,0.11921183431604546,0.118666045,0.0,0.0792926265612544
177,0.10145551527992666,0.1358282,0.0,0.07909457076077918
916,0.12064114742647009,0.116148666,0.0,0.078929937657947
85,0.10669609547032198,0.12996727,0.0,0.07888778925065625
136,0.0983297135220083,0.13802747,0.0,0.07878572926872679
906,0.10409399265016939,0.13198407,0.0,0.07869268753119914
213,0.08108579192317973,0.15406398,0.0,0.07838325889162702
104,0.12045503168868754,0.11465101,0.0,0.07836868037636986
212,0.08972150702920324,0.14459878,0.0,0.07810676303057791
1048,0.11511336651666111,0.11879234,0.0,0.07796856889202576
527,0.09218942720223135,0.14164495,0.0,0.07794479396120928
634,0.09635185853604457,0.1368824,0.0,0.07774475102942513
46,0.1276801994489138,0.10322563,0.0,0.0769686109836401
509,0.08646881592683348,0.14325109,0.0,0.07657330238955667
365,0.09958525713820596,0.12985848,0.0,0.07648124534732546
258,0.11453612163921639,0.114876784,0.0,0.076470968674489
346,0.1126915599806385,0.116030335,0.0,0.07624063180232303
652,0.10220376747925512,0.12650214,0.0,0.07623530294524111
132,0.09167438226977931,0.1368868,0.0,0.07618706252190784
87,0.09780537913536635,0.13057712,0.0,0.07612749878001084
157,0.09186289043824435,0.13644357,0.0,0.07610215356482586
275,0.13696861536845634,0.09013602,0.0,0.07570154558137082
33,0.12399519818056152,0.10263527,0.0,0.07554349000926987
985,0.10491530692952017,0.11964059,0.0,0.07485196522996539
699,0.13778406467277074,0.086737275,0.0,0.07484044659878898
465,0.07892226712930198,0.14549018,0.0,0.07480415051853655
537,0.09854192776868287,0.12496976,0.0,0.07450389528734665
571,0.09023405635375914,0.13327579,0.0,0.07450328278547902
24,0.12306435538142702,0.10018435,0.0,0.07441623552908427
592,0.12622504512572602,0.09656385,0.0,0.07426296614972855
303,0.08482171713476643,0.13794586,0.0,0.0742558592530266
456,0.08243628348675786,0.14011958,0.0,0.07418528863379498
532,0.08791331679387576,0.13429356,0.0,0.07406895766908489
621,0.12098827257269988,0.10067312,0.0,0.07388712977208817
27,0.11748806897080356,0.10219215,0.0,0.07322673917901652
198,0.1108019220411662,0.10840284,0.0,0.07306825427809967
463,0.09507530579150203,0.12388341,0.0,0.07298623902658781
141,0.09434851611151185,0.12428385,0.0,0.07287745543484518
460,0.07582304673564855,0.1414183,0.0,0.07241377995137514
76,0.10241597363851443,0.11415854,0.0,0.07219150486754701
211,0.09543894935420001,0.12078634,0.0,0.07207509613292364
442,0.08141968724244791,0.13480172,0.0,0.0720738009516198
409,0.1045521812296865,0.11124074,0.0,0.07193097278995507
348,0.09178820333027583,0.12145788,0.0,0.07108202851859642
636,0.12125793897335924,0.09083835,0.0,0.07069876310966146
347,0.104956177368267,0.10670526,0.0,0.07055381354176456
964,0.0936826248645162,0.11638464,0.0,0.07002242173351762
397,0.11252284693633759,0.09749046,0.0,0.07000443553896495
582,0.08562466979286187,0.12430966,0.0,0.06997810959902444
454,0.0848193744235385,0.12490437,0.0,0.06990791540719232
95,0.12436150918395497,0.08265298,0.0,0.06900482926100883
896,0.10556765399486473,0.10082411,0.0,0.06879725473493553
464,0.08614036408286431,0.11976489,0.0,0.06863508362644626
58,0.11427854579168467,0.09096955,0.0,0.06841603114034701
23,0.13619009406921526,0.06739326,0.0,0.06786111742773739
310,0.11460379443516552,0.08837393,0.0,0.06765924123244225
154,0.08971981722113515,0.1124139,0.0,0.06737790511050828
847,0.06821001179287181,0.13324577,0.0,0.06715192598524804
139,0.08274858078518517,0.11864837,0.0,0.067132317791909
685,0.11628682309158603,0.084125936,0.0,0.06680425304097586
514,0.08497015925110682,0.114765815,0.0,0.06657865822931562
814,0.08561142834876821,0.113965355,0.0,0.06652559440286572
518,0.08316798146044804,0.11458427,0.0,0.06591741619996096
367,0.08635373370520256,0.111322954,0.0,0.06589222933408943
850,0.08578849448741974,0.10853766,0.0,0.06477538451215129
757,0.09832312884085995,0.09471241,0.0,0.06434517841257527
663,0.10402572123675657,0.08669303,0.0,0.06357291827092275
789,0.10572236153922629,0.08165954,0.0,0.062460634024415256
167,0.091553665813098,0.08916965,0.0,0.060241105694336904
418,0.08940829947373377,0.08776695,0.0,0.05905841742880181
739,0.09831188184908249,0.078499176,0.0,0.05893701915241353
643,0.10380783472411734,0.071157895,0.0,0.0583219099175695
526,0.07307056820818916,0.10173201,0.0,0.05826752545578326
811,0.06010566418041929,0.09889244,0.0,0.05299936902082677
1152,0.0,0.0,0.0,0.0
1153,0.0,0.0,0.0,0.0
1154,0.0,0.0,0.0,0.0
1155,0.0,0.0,0.0,0.0
1156,0.0,0.0,0.0,0.0
1157,0.0,0.0,0.0,0.0
1158,0.0,0.0,0.0,0.0
1159,0.0,0.0,0.0,0.0
1160,0.0,0.0,0.0,0.0
