,channel,feature_type,channel_feature_name,RF_Importance,XGB_Importance,Lasso_Coefficient
0,0,mean,Channel_0_mean,0.0018255253469299474,0.00013536216,0.0006512954006459491
1,0,std,Channel_0_std,0.002503173728913127,0.00033407946,0.0
2,0,skewness,Channel_0_skewness,0.0013041852009962873,0.0002155082,0.003898144268229882
3,0,kurtosis,Channel_0_kurtosis,0.0013490612341871318,0.00031419145,0.0
4,0,delta_power,Channel_0_delta_power,0.002368983862617843,0.0006270935,0.0
5,0,theta_power,Channel_0_theta_power,0.002238512254163769,0.0007911559,0.0
6,0,alpha_power,Channel_0_alpha_power,0.0015630935655515483,0.00044958963,0.0
7,0,beta_power,Channel_0_beta_power,0.001648166904856894,0.00068219303,0.0
8,0,gamma_power,Channel_0_gamma_power,0.002314311867533488,0.00061994704,0.0
9,1,mean,Channel_1_mean,0.0010478099096617411,0.0004065089,0.0
10,1,std,Channel_1_std,0.0010437658233387404,0.00039491194,0.0
11,1,skewness,Channel_1_skewness,0.0022334593189624625,0.000680216,0.0
12,1,kurtosis,Channel_1_kurtosis,0.0012537293253013573,0.00060809765,0.01990154458990435
13,1,delta_power,Channel_1_delta_power,0.000815603294841912,0.0004356754,0.0
14,1,theta_power,Channel_1_theta_power,0.0009611123376561198,0.000498299,0.0
15,1,alpha_power,Channel_1_alpha_power,0.0007488901387274563,0.0005093401,0.0
16,1,beta_power,Channel_1_beta_power,0.0012874106698657398,0.00092979847,0.0
17,1,gamma_power,Channel_1_gamma_power,0.0010712837831541142,0.0004997186,0.0
18,2,mean,Channel_2_mean,0.0008348150986026326,0.0005418711,0.0
19,2,std,Channel_2_std,0.0009183562978649557,0.00062965497,0.0
20,2,skewness,Channel_2_skewness,0.001405006682120903,0.00060235884,0.0022609917798202526
21,2,kurtosis,Channel_2_kurtosis,0.0008949387958081905,0.00046487106,0.0
22,2,delta_power,Channel_2_delta_power,0.0006983263655662615,0.00047314595,0.0
23,2,theta_power,Channel_2_theta_power,0.0006961577239523533,0.00030871527,0.0
24,2,alpha_power,Channel_2_alpha_power,0.000629063384730882,0.00045892486,0.0
25,2,beta_power,Channel_2_beta_power,0.0012355971502990399,0.0011619434,0.0
26,2,gamma_power,Channel_2_gamma_power,0.0010915683642674342,0.00073832326,0.0
27,3,mean,Channel_3_mean,0.0006005592935761088,0.00046812216,0.0
28,3,std,Channel_3_std,0.0005871560100118872,0.0006280043,0.0
29,3,skewness,Channel_3_skewness,0.0007955091546860169,0.0008003945,0.0
30,3,kurtosis,Channel_3_kurtosis,0.0007634094678204938,0.0006965033,0.0
31,3,delta_power,Channel_3_delta_power,0.0006042090117309775,0.000602073,0.0
32,3,theta_power,Channel_3_theta_power,0.0006826834911131087,0.0006696281,0.0
33,3,alpha_power,Channel_3_alpha_power,0.0006338215384632202,0.00047015204,0.0
34,3,beta_power,Channel_3_beta_power,0.0007249411717786627,0.000940795,0.0
35,3,gamma_power,Channel_3_gamma_power,0.000670709309700835,0.00077820796,0.0
36,4,mean,Channel_4_mean,0.0007806819525658841,0.00059028616,0.0
37,4,std,Channel_4_std,0.0007700356636248032,0.00079138036,0.0
38,4,skewness,Channel_4_skewness,0.0010146862437005,0.00047138776,0.0
39,4,kurtosis,Channel_4_kurtosis,0.000985824545951061,0.00055727625,0.005157703654852748
40,4,delta_power,Channel_4_delta_power,0.0007489559794355882,0.0006821937,0.0
41,4,theta_power,Channel_4_theta_power,0.0007642140394185579,0.0006007861,0.0
42,4,alpha_power,Channel_4_alpha_power,0.0007441877785872504,0.0007696896,0.0
43,4,beta_power,Channel_4_beta_power,0.0007671998322818288,0.0011340342,0.0
44,4,gamma_power,Channel_4_gamma_power,0.0013453046067221615,0.0016566642,0.0
45,5,mean,Channel_5_mean,0.001139664779466716,0.00079917494,0.0
46,5,std,Channel_5_std,0.0006526580192900407,0.00047285637,0.0
47,5,skewness,Channel_5_skewness,0.0010632149320163712,0.0004114088,0.002223571274594346
48,5,kurtosis,Channel_5_kurtosis,0.0010167774146630495,0.0006810345,0.0
49,5,delta_power,Channel_5_delta_power,0.0007569689652565684,0.0009374271,0.0
50,5,theta_power,Channel_5_theta_power,0.0008758095751643756,0.0009033075,0.0
51,5,alpha_power,Channel_5_alpha_power,0.0008966641237999038,0.0008770046,0.0
52,5,beta_power,Channel_5_beta_power,0.0012354814002394792,0.0010602869,0.0
53,5,gamma_power,Channel_5_gamma_power,0.0014184474309629097,0.00104267,0.0
54,6,mean,Channel_6_mean,0.0011002871606339193,0.0006198108,0.0
55,6,std,Channel_6_std,0.0008060379887359791,0.00067989755,0.0
56,6,skewness,Channel_6_skewness,0.0013429165871159205,0.00061446393,0.0
57,6,kurtosis,Channel_6_kurtosis,0.0011778382987229074,0.0007195212,0.0
58,6,delta_power,Channel_6_delta_power,0.000584153296013524,0.00041671365,0.0
59,6,theta_power,Channel_6_theta_power,0.0007806529747787803,0.0006682144,0.0
60,6,alpha_power,Channel_6_alpha_power,0.0009123486101812958,0.0005572151,0.0
61,6,beta_power,Channel_6_beta_power,0.0007625864196655208,0.0008767153,0.0
62,6,gamma_power,Channel_6_gamma_power,0.0011976384978316643,0.0007228171,0.0
63,7,mean,Channel_7_mean,0.0015616988185263173,0.0007413372,0.0
64,7,std,Channel_7_std,0.0012334021684456784,0.00070392893,0.00479482738650094
65,7,skewness,Channel_7_skewness,0.0012291543493175255,0.0006204773,0.0
66,7,kurtosis,Channel_7_kurtosis,0.0014782530635581758,0.00079922605,0.004467494085308581
67,7,delta_power,Channel_7_delta_power,0.0007339983578218418,0.0006583959,0.0
68,7,theta_power,Channel_7_theta_power,0.0008981182336203073,0.00055385695,0.0009734018085487535
69,7,alpha_power,Channel_7_alpha_power,0.0007883334386708725,0.0009295114,0.0
70,7,beta_power,Channel_7_beta_power,0.0009265043045676064,0.00087263575,0.0
71,7,gamma_power,Channel_7_gamma_power,0.0009589030098553929,0.0006178175,0.0035984749001186124
72,8,mean,Channel_8_mean,0.0009701097330262099,0.00081778446,0.0
73,8,std,Channel_8_std,0.0005922988459479334,0.000802644,0.0
74,8,skewness,Channel_8_skewness,0.0008885719832992826,0.00065839454,0.0
75,8,kurtosis,Channel_8_kurtosis,0.0008759522192011606,0.0007298007,0.0
76,8,delta_power,Channel_8_delta_power,0.0005235158371233457,0.00052293786,0.0
77,8,theta_power,Channel_8_theta_power,0.000742829111386237,0.0009308792,0.0
78,8,alpha_power,Channel_8_alpha_power,0.0006974486033627486,0.0010240384,0.0
79,8,beta_power,Channel_8_beta_power,0.0008821876504867054,0.0009125986,0.0
80,8,gamma_power,Channel_8_gamma_power,0.0010410739728064086,0.00072807854,0.0
81,9,mean,Channel_9_mean,0.0009037155181361324,0.0008211202,0.0
82,9,std,Channel_9_std,0.000673180703473779,0.0012016518,0.0
83,9,skewness,Channel_9_skewness,0.00088360161073323,0.0006223231,0.0015953897422493304
84,9,kurtosis,Channel_9_kurtosis,0.0007596908348556443,0.0007732638,0.0
85,9,delta_power,Channel_9_delta_power,0.0005453943730993587,0.0005953546,0.0
86,9,theta_power,Channel_9_theta_power,0.0005276211615520127,0.0010440617,0.0
87,9,alpha_power,Channel_9_alpha_power,0.0004999480365625535,0.00059814815,0.0
88,9,beta_power,Channel_9_beta_power,0.0007571057112250877,0.0008710944,0.0
89,9,gamma_power,Channel_9_gamma_power,0.0007362832835853513,0.001078044,0.0
90,10,mean,Channel_10_mean,0.00064564879148935,0.00072268944,0.0
91,10,std,Channel_10_std,0.0005590582764687351,0.0005986674,0.0
92,10,skewness,Channel_10_skewness,0.0009566257893043908,0.00058973394,0.0
93,10,kurtosis,Channel_10_kurtosis,0.0007653020158477211,0.00041968908,0.0064108184096020185
94,10,delta_power,Channel_10_delta_power,0.0006944932300628022,0.0010569032,0.0
95,10,theta_power,Channel_10_theta_power,0.0006356939964868668,0.0003786171,0.0
96,10,alpha_power,Channel_10_alpha_power,0.0006381123909812362,0.00077836966,0.0
97,10,beta_power,Channel_10_beta_power,0.0008203377244713756,0.0010623705,0.0
98,10,gamma_power,Channel_10_gamma_power,0.0009501466441971646,0.0014239352,0.0
99,11,mean,Channel_11_mean,0.0007507386792278175,0.00070849294,0.0
100,11,std,Channel_11_std,0.0006995873684740578,0.00092751335,0.0
101,11,skewness,Channel_11_skewness,0.0007622754015111614,0.00084058614,0.0
102,11,kurtosis,Channel_11_kurtosis,0.000803861496953246,0.00062124385,0.0
103,11,delta_power,Channel_11_delta_power,0.0006131010201210233,0.00081514206,0.0
104,11,theta_power,Channel_11_theta_power,0.0006157254040546277,0.00052519375,0.0
105,11,alpha_power,Channel_11_alpha_power,0.0007224131514200904,0.00067352876,0.0
106,11,beta_power,Channel_11_beta_power,0.0008786782384039697,0.0007019401,0.0
107,11,gamma_power,Channel_11_gamma_power,0.0008907250953267512,0.0011424766,0.0
108,12,mean,Channel_12_mean,0.0007251186703082264,0.0008347785,0.0
109,12,std,Channel_12_std,0.0008436414395084281,0.0005688041,0.0
110,12,skewness,Channel_12_skewness,0.0010931190410072688,0.0007739758,0.0
111,12,kurtosis,Channel_12_kurtosis,0.0011993082486089091,0.00061574765,0.0
112,12,delta_power,Channel_12_delta_power,0.0007831816710260486,0.0008092803,0.0
113,12,theta_power,Channel_12_theta_power,0.0006175553110116497,0.0008497556,0.0
114,12,alpha_power,Channel_12_alpha_power,0.0006611367645713802,0.0009567043,0.0
115,12,beta_power,Channel_12_beta_power,0.0006662687741698575,0.000978914,0.0
116,12,gamma_power,Channel_12_gamma_power,0.000735976520494706,0.00090513384,0.0
117,13,mean,Channel_13_mean,0.0008565799806461226,0.00088831625,0.0
118,13,std,Channel_13_std,0.000674871660858609,0.0006761594,0.0
119,13,skewness,Channel_13_skewness,0.0009482426969149949,0.00060018833,0.004951466399137834
120,13,kurtosis,Channel_13_kurtosis,0.0012048142718735705,0.001016887,0.0003187499941450135
121,13,delta_power,Channel_13_delta_power,0.0006550448841230548,0.00058316364,0.0
122,13,theta_power,Channel_13_theta_power,0.0007401842559333279,0.00089535676,0.0
123,13,alpha_power,Channel_13_alpha_power,0.0007194545437746292,0.000886673,0.0
124,13,beta_power,Channel_13_beta_power,0.000931184095623467,0.000803092,0.0
125,13,gamma_power,Channel_13_gamma_power,0.0013711141580663457,0.00090812094,0.0
126,14,mean,Channel_14_mean,0.0006450424511522696,0.00056731934,0.0
127,14,std,Channel_14_std,0.0005619548176134475,0.0008187846,0.0
128,14,skewness,Channel_14_skewness,0.000729293738196575,0.0010002082,0.0
129,14,kurtosis,Channel_14_kurtosis,0.0007394725658287731,0.0010939776,0.0
130,14,delta_power,Channel_14_delta_power,0.0004972934248051992,0.0007146949,0.0
131,14,theta_power,Channel_14_theta_power,0.0006656054092433216,0.00087332196,0.0
132,14,alpha_power,Channel_14_alpha_power,0.00046860845307319254,0.0006270516,0.0
133,14,beta_power,Channel_14_beta_power,0.000823221866850852,0.0003938414,0.0
134,14,gamma_power,Channel_14_gamma_power,0.0008803839678215346,0.0008662354,0.0
135,15,mean,Channel_15_mean,0.0007576682909191742,0.000885981,0.0
136,15,std,Channel_15_std,0.0005026282567040353,0.00063227676,0.0
137,15,skewness,Channel_15_skewness,0.0008868884779362891,0.0008844785,0.0
138,15,kurtosis,Channel_15_kurtosis,0.0006417638633158154,0.00052285416,0.0
139,15,delta_power,Channel_15_delta_power,0.0004229827731114209,0.0005435049,0.0
140,15,theta_power,Channel_15_theta_power,0.0005048523191083184,0.001493597,0.0
141,15,alpha_power,Channel_15_alpha_power,0.00048227772132304316,0.00056931993,0.0
142,15,beta_power,Channel_15_beta_power,0.0006486375244209182,0.0011553591,0.0
143,15,gamma_power,Channel_15_gamma_power,0.0006772458641070567,0.0008134318,0.0
144,16,mean,Channel_16_mean,0.0012751930391055393,0.0006869005,0.00021391840345364645
145,16,std,Channel_16_std,0.001449111787200854,0.00087093597,0.013714239805150956
146,16,skewness,Channel_16_skewness,0.0012860963029408161,0.001152593,0.01116912755803434
147,16,kurtosis,Channel_16_kurtosis,0.0012201202980183891,0.0006773892,0.0
148,16,delta_power,Channel_16_delta_power,0.0017192537852995403,0.0010031218,0.0
149,16,theta_power,Channel_16_theta_power,0.0015979088141531862,0.002027772,0.0
150,16,alpha_power,Channel_16_alpha_power,0.0012051043011728363,0.0008976916,0.0
151,16,beta_power,Channel_16_beta_power,0.0011257134362242039,0.000984133,0.0
152,16,gamma_power,Channel_16_gamma_power,0.0011298448740981154,0.0007056243,0.0
153,17,mean,Channel_17_mean,0.0005538472114299429,0.00083640835,0.0
154,17,std,Channel_17_std,0.0004586173772546429,0.000514946,0.0
155,17,skewness,Channel_17_skewness,0.000672157885901113,0.0009430766,0.0
156,17,kurtosis,Channel_17_kurtosis,0.0007035145272537404,0.00053377583,0.0
157,17,delta_power,Channel_17_delta_power,0.00046957204310815026,0.00062502123,0.0
158,17,theta_power,Channel_17_theta_power,0.0005741609129054605,0.0007587075,0.0
159,17,alpha_power,Channel_17_alpha_power,0.00045518346660349825,0.000855112,0.0
160,17,beta_power,Channel_17_beta_power,0.0006850896286476323,0.000978566,0.0
161,17,gamma_power,Channel_17_gamma_power,0.0007554655813678256,0.0008869143,0.0
162,18,mean,Channel_18_mean,0.0007039675531268185,0.0007885184,0.0
163,18,std,Channel_18_std,0.0006730566458789757,0.00079502334,0.0
164,18,skewness,Channel_18_skewness,0.0006193382716335211,0.00070489093,0.0
165,18,kurtosis,Channel_18_kurtosis,0.0007880498032943136,0.00076639885,0.000998344593510461
166,18,delta_power,Channel_18_delta_power,0.0005396679134129742,0.0006732733,0.0
167,18,theta_power,Channel_18_theta_power,0.00046799139135294626,0.00040846868,0.0
168,18,alpha_power,Channel_18_alpha_power,0.0004839196458879818,0.00084955274,0.0
169,18,beta_power,Channel_18_beta_power,0.0007626216321855639,0.00059341436,0.0
170,18,gamma_power,Channel_18_gamma_power,0.0007890200210608493,0.0006104363,0.0
171,19,mean,Channel_19_mean,0.0006426704190752144,0.0006250161,0.0
172,19,std,Channel_19_std,0.0006263384581511902,0.0007110771,0.0
173,19,skewness,Channel_19_skewness,0.0006911152840521256,0.0005948121,0.0
174,19,kurtosis,Channel_19_kurtosis,0.0008747741817902378,0.00067900185,0.0
175,19,delta_power,Channel_19_delta_power,0.0005657524920326392,0.0008384168,0.0
176,19,theta_power,Channel_19_theta_power,0.0005400341559010208,0.00086541416,0.0
177,19,alpha_power,Channel_19_alpha_power,0.0005186062986621588,0.0006222023,0.0
178,19,beta_power,Channel_19_beta_power,0.0007380781131697355,0.00065413635,0.0
179,19,gamma_power,Channel_19_gamma_power,0.0006250637353481069,0.0007746197,0.00142509177519869
180,20,mean,Channel_20_mean,0.0009516991567019021,0.0005677001,0.0
181,20,std,Channel_20_std,0.0007046473387581927,0.0008609368,0.0
182,20,skewness,Channel_20_skewness,0.0009795985017263071,0.000860996,0.012770733118596146
183,20,kurtosis,Channel_20_kurtosis,0.0008923926300966893,0.00079155323,0.0
184,20,delta_power,Channel_20_delta_power,0.0007965232974742118,0.00078417116,0.0
185,20,theta_power,Channel_20_theta_power,0.0007864097145832566,0.0006223462,0.0
186,20,alpha_power,Channel_20_alpha_power,0.000748306144685095,0.0011494359,0.0
187,20,beta_power,Channel_20_beta_power,0.0011620256599051847,0.0007794027,0.0
188,20,gamma_power,Channel_20_gamma_power,0.00149658671450725,0.0015830639,0.0
189,21,mean,Channel_21_mean,0.0007170998929047108,0.0007490002,0.0
190,21,std,Channel_21_std,0.0005747277628042365,0.0007619229,0.0
191,21,skewness,Channel_21_skewness,0.0008633839575829688,0.000976685,0.005391031735040717
192,21,kurtosis,Channel_21_kurtosis,0.0008296318638347828,0.00073196966,0.0017872783627234778
193,21,delta_power,Channel_21_delta_power,0.0006891517505848957,0.0013255425,0.0
194,21,theta_power,Channel_21_theta_power,0.000750596899961601,0.0010074344,0.0
195,21,alpha_power,Channel_21_alpha_power,0.0005778728961654704,0.0008420074,0.0
196,21,beta_power,Channel_21_beta_power,0.001151400797987699,0.0009113652,0.0
197,21,gamma_power,Channel_21_gamma_power,0.0013278932798994494,0.00085254305,0.0
198,22,mean,Channel_22_mean,0.0005663819706191119,0.0004965721,0.0
199,22,std,Channel_22_std,0.0005603484489421966,0.0009523136,0.0
200,22,skewness,Channel_22_skewness,0.0007530322954570892,0.0008099318,0.0
201,22,kurtosis,Channel_22_kurtosis,0.0007510269123751678,0.00049054093,0.0
202,22,delta_power,Channel_22_delta_power,0.0006188372004455047,0.0009919471,0.0
203,22,theta_power,Channel_22_theta_power,0.0004519436383913163,0.00090384745,0.0
204,22,alpha_power,Channel_22_alpha_power,0.00047579826884467833,0.0010477005,0.0
205,22,beta_power,Channel_22_beta_power,0.0009759613450925273,0.0008880106,0.0
206,22,gamma_power,Channel_22_gamma_power,0.0007680172392986418,0.000882425,0.0
207,23,mean,Channel_23_mean,0.0006410660863427971,0.00068146206,0.0
208,23,std,Channel_23_std,0.0005497311211223197,0.00076986145,0.0
209,23,skewness,Channel_23_skewness,0.0008503461117129264,0.00058431795,0.0025124819976562423
210,23,kurtosis,Channel_23_kurtosis,0.0007379881733424107,0.0007069944,0.0
211,23,delta_power,Channel_23_delta_power,0.00048785164745577625,0.0005532985,0.0
212,23,theta_power,Channel_23_theta_power,0.00045862601498227384,0.0006623786,0.0
213,23,alpha_power,Channel_23_alpha_power,0.00041448315852859574,0.00070573686,0.0
214,23,beta_power,Channel_23_beta_power,0.0006903191800230458,0.0008763142,0.0
215,23,gamma_power,Channel_23_gamma_power,0.0007698775715569134,0.0010508937,0.0
216,24,mean,Channel_24_mean,0.0012471430152658537,0.0008336235,0.0
217,24,std,Channel_24_std,0.0008370225611506174,0.0006187418,0.0
218,24,skewness,Channel_24_skewness,0.0010202003814577143,0.00073164736,0.0
219,24,kurtosis,Channel_24_kurtosis,0.0012093305161869894,0.0010176139,0.0
220,24,delta_power,Channel_24_delta_power,0.000781348227602161,0.0006704184,0.0
221,24,theta_power,Channel_24_theta_power,0.000890957116572929,0.0005105279,0.0
222,24,alpha_power,Channel_24_alpha_power,0.0007295401005690081,0.0005949888,0.0
223,24,beta_power,Channel_24_beta_power,0.0009946498128126432,0.00056150724,0.009629142477102124
224,24,gamma_power,Channel_24_gamma_power,0.0009324812235218973,0.0005560809,0.0
225,25,mean,Channel_25_mean,0.0009598957612261632,0.0005279196,0.0011047640516817325
226,25,std,Channel_25_std,0.0009066431330832678,0.0014658864,0.0031542930865670004
227,25,skewness,Channel_25_skewness,0.0009842423648298009,0.00069892866,0.0053494370591005945
228,25,kurtosis,Channel_25_kurtosis,0.0009429179897163252,0.00055810245,0.0
229,25,delta_power,Channel_25_delta_power,0.0007795542624822083,0.00080109766,0.0
230,25,theta_power,Channel_25_theta_power,0.0006198276316786551,0.00080804,0.0
231,25,alpha_power,Channel_25_alpha_power,0.0004828453940049373,0.0008754199,0.0
232,25,beta_power,Channel_25_beta_power,0.0007474024021714435,0.0008943919,0.0
233,25,gamma_power,Channel_25_gamma_power,0.0011949986126659651,0.0008108548,0.0
234,26,mean,Channel_26_mean,0.0007567557702640385,0.00069745234,0.0
235,26,std,Channel_26_std,0.0007599009369845416,0.0013126378,0.0
236,26,skewness,Channel_26_skewness,0.0008909197208144512,0.00065819826,0.0
237,26,kurtosis,Channel_26_kurtosis,0.0008597922217765393,0.0007862221,0.0
238,26,delta_power,Channel_26_delta_power,0.0007606113959051061,0.0006448003,0.0
239,26,theta_power,Channel_26_theta_power,0.0006343106752160259,0.0007851459,0.0
240,26,alpha_power,Channel_26_alpha_power,0.000473727154595807,0.00076454587,0.0
241,26,beta_power,Channel_26_beta_power,0.0006842499742398068,0.00081523333,0.0
242,26,gamma_power,Channel_26_gamma_power,0.0007604014395421353,0.0007697029,0.0
243,27,mean,Channel_27_mean,0.0006065258318732236,0.0006337298,0.0
244,27,std,Channel_27_std,0.001887801870022463,0.0036232858,0.0
245,27,skewness,Channel_27_skewness,0.0007929790540200358,0.00066937326,7.969215284289381e-05
246,27,kurtosis,Channel_27_kurtosis,0.0008502908371524166,0.00053981383,0.00188630128138157
247,27,delta_power,Channel_27_delta_power,0.0005888958230213163,0.0007139538,0.0
248,27,theta_power,Channel_27_theta_power,0.0011545191640987054,0.0008651516,0.0
249,27,alpha_power,Channel_27_alpha_power,0.0005742113346137602,0.0008160984,0.0
250,27,beta_power,Channel_27_beta_power,0.0006097300158235252,0.00063805765,0.0
251,27,gamma_power,Channel_27_gamma_power,0.0006155286084970643,0.000750623,0.0
252,28,mean,Channel_28_mean,0.0008404085706704992,0.0007373515,0.0
253,28,std,Channel_28_std,0.0006181897948710406,0.0010721298,0.0
254,28,skewness,Channel_28_skewness,0.0010470656793275198,0.0007780052,0.011792755606965433
255,28,kurtosis,Channel_28_kurtosis,0.0009111854970386034,0.0007741589,0.0
256,28,delta_power,Channel_28_delta_power,0.0006663884980555547,0.000654063,0.0
257,28,theta_power,Channel_28_theta_power,0.0004937994975986168,0.000882029,0.0
258,28,alpha_power,Channel_28_alpha_power,0.0005854699366766229,0.000526228,0.0
259,28,beta_power,Channel_28_beta_power,0.0005958402494245362,0.0010802746,0.0
260,28,gamma_power,Channel_28_gamma_power,0.0009544708123706394,0.0007172737,0.0
261,29,mean,Channel_29_mean,0.0011941731361696376,0.0009094831,0.0
262,29,std,Channel_29_std,0.0009632232876258836,0.0007238186,0.0
263,29,skewness,Channel_29_skewness,0.0010273785904613586,0.00083246024,0.01349302757657517
264,29,kurtosis,Channel_29_kurtosis,0.0008957563851153202,0.0006274652,0.0007799702472206341
265,29,delta_power,Channel_29_delta_power,0.0007382450557993933,0.0008547679,0.0
266,29,theta_power,Channel_29_theta_power,0.000648557855466986,0.0009273355,0.0
267,29,alpha_power,Channel_29_alpha_power,0.0008493660782137116,0.00074801256,0.0
268,29,beta_power,Channel_29_beta_power,0.0009034345890350962,0.0007138351,0.0
269,29,gamma_power,Channel_29_gamma_power,0.0008030669099663108,0.0012461536,0.0
270,30,mean,Channel_30_mean,0.0012033641084694797,0.00021774229,0.0
271,30,std,Channel_30_std,0.0012683404738940652,0.00050924916,0.0
272,30,skewness,Channel_30_skewness,0.0012761308374840941,0.00039141,0.002161326155751517
273,30,kurtosis,Channel_30_kurtosis,0.0013341580834639755,0.00040549363,0.002299512703350084
274,30,delta_power,Channel_30_delta_power,0.0005880707953621903,0.000764748,0.0
275,30,theta_power,Channel_30_theta_power,0.000700137261667135,0.0004128954,0.0
276,30,alpha_power,Channel_30_alpha_power,0.0010620723356564367,0.001072929,0.0
277,30,beta_power,Channel_30_beta_power,0.0014399425499679438,0.0008976507,0.0
278,30,gamma_power,Channel_30_gamma_power,0.0015186102614235886,0.00090847723,0.0
279,31,mean,Channel_31_mean,0.0009410434363850455,0.00064490404,0.0
280,31,std,Channel_31_std,0.0014267059293383805,0.0018096862,0.0
281,31,skewness,Channel_31_skewness,0.0009497492160367631,0.0007102665,0.00615321670331224
282,31,kurtosis,Channel_31_kurtosis,0.0008811328495362778,0.0004748831,0.0
283,31,delta_power,Channel_31_delta_power,0.0008037261301888419,0.0006358657,0.0
284,31,theta_power,Channel_31_theta_power,0.0006032431910574181,0.00077429507,0.0
285,31,alpha_power,Channel_31_alpha_power,0.000600074595408812,0.00092710025,0.0
286,31,beta_power,Channel_31_beta_power,0.0007510694605974517,0.0009098712,0.0
287,31,gamma_power,Channel_31_gamma_power,0.0011778198701605015,0.0010866171,0.0
288,32,mean,Channel_32_mean,0.0008081819883008672,0.0007337669,0.0
289,32,std,Channel_32_std,0.0008957679105972581,0.0011576102,0.0
290,32,skewness,Channel_32_skewness,0.0009898296732820753,0.0007747282,0.0
291,32,kurtosis,Channel_32_kurtosis,0.0010001354305075232,0.0005644675,0.019523518722482588
292,32,delta_power,Channel_32_delta_power,0.0005541165450250163,0.0010203121,0.0
293,32,theta_power,Channel_32_theta_power,0.0008567200648116791,0.0008976841,0.0
294,32,alpha_power,Channel_32_alpha_power,0.0005101647128306851,0.0006492642,0.0
295,32,beta_power,Channel_32_beta_power,0.0007517672393054731,0.00050903,0.0
296,32,gamma_power,Channel_32_gamma_power,0.0010034490964977343,0.0009984871,0.0
297,33,mean,Channel_33_mean,0.0007929441318357094,0.0005512902,0.0
298,33,std,Channel_33_std,0.0011027093820772998,0.001852592,0.0
299,33,skewness,Channel_33_skewness,0.0008505561521942024,0.00069626264,0.0
300,33,kurtosis,Channel_33_kurtosis,0.0008299508843291062,0.00080153754,0.02969126514227057
301,33,delta_power,Channel_33_delta_power,0.00048001030815040304,0.0011235964,0.0
302,33,theta_power,Channel_33_theta_power,0.0005226001974959129,0.0007209241,0.0
303,33,alpha_power,Channel_33_alpha_power,0.00043357994533918873,0.0006319029,0.0
304,33,beta_power,Channel_33_beta_power,0.0006992983187743384,0.00058037904,0.0
305,33,gamma_power,Channel_33_gamma_power,0.0010265689313384665,0.00087242824,0.0
306,34,mean,Channel_34_mean,0.0009100874668512475,0.00074155396,0.0
307,34,std,Channel_34_std,0.0010633623750940116,0.0008021183,0.0
308,34,skewness,Channel_34_skewness,0.0011009016991301956,0.0005493372,0.005929982723845892
309,34,kurtosis,Channel_34_kurtosis,0.0011141246864408523,0.00045091816,0.0
310,34,delta_power,Channel_34_delta_power,0.0005858158571337854,0.00040482363,0.0
311,34,theta_power,Channel_34_theta_power,0.0007384206773643952,0.0007734397,0.0
312,34,alpha_power,Channel_34_alpha_power,0.0006132144333934542,0.00069724524,0.0
313,34,beta_power,Channel_34_beta_power,0.0007808525736768593,0.00044182784,0.0
314,34,gamma_power,Channel_34_gamma_power,0.0008400084912530752,0.0006108281,0.0
315,35,mean,Channel_35_mean,0.0007307805295261652,0.0006896017,0.0
316,35,std,Channel_35_std,0.0006956559837789194,0.0012116368,0.0
317,35,skewness,Channel_35_skewness,0.000768471514527177,0.00079546834,0.0
318,35,kurtosis,Channel_35_kurtosis,0.0007874161479888654,0.0005787852,0.013143171642343514
319,35,delta_power,Channel_35_delta_power,0.0005294428431735948,0.00072838215,0.0
320,35,theta_power,Channel_35_theta_power,0.0004903874749904847,0.0008592064,0.0
321,35,alpha_power,Channel_35_alpha_power,0.0005604121869440296,0.0008713452,0.0
322,35,beta_power,Channel_35_beta_power,0.0005876632547690157,0.0010823252,0.0032153454926807015
323,35,gamma_power,Channel_35_gamma_power,0.0006872983373970216,0.0009404468,0.0
324,36,mean,Channel_36_mean,0.001157583041684962,0.0014648772,0.0
325,36,std,Channel_36_std,0.001886007427578538,0.0015806896,0.0
326,36,skewness,Channel_36_skewness,0.0010075900178905862,0.0006469652,0.0
327,36,kurtosis,Channel_36_kurtosis,0.001008877469948026,0.0006042976,0.0
328,36,delta_power,Channel_36_delta_power,0.0007018697073237762,0.0010002847,0.0
329,36,theta_power,Channel_36_theta_power,0.0007213641071827433,0.0011818291,0.0
330,36,alpha_power,Channel_36_alpha_power,0.0010874657893396491,0.0012925586,0.0
331,36,beta_power,Channel_36_beta_power,0.0006053994317234477,0.0009698451,0.0
332,36,gamma_power,Channel_36_gamma_power,0.0007363192071000923,0.0010826897,0.0
333,37,mean,Channel_37_mean,0.001055847940066138,0.00069827365,0.0
334,37,std,Channel_37_std,0.0008317726412154343,0.0006601895,0.0
335,37,skewness,Channel_37_skewness,0.0009269082777119293,0.00075000955,0.0
336,37,kurtosis,Channel_37_kurtosis,0.0009050867390540222,0.00039107565,0.0
337,37,delta_power,Channel_37_delta_power,0.000803098116344497,0.00107752,0.0
338,37,theta_power,Channel_37_theta_power,0.0009440360764542719,0.0012511916,0.0
339,37,alpha_power,Channel_37_alpha_power,0.0005883099587570573,0.0005946053,0.0
340,37,beta_power,Channel_37_beta_power,0.0008419769900530076,0.0013178956,0.0
341,37,gamma_power,Channel_37_gamma_power,0.0009789071605849377,0.00089857186,0.0
342,38,mean,Channel_38_mean,0.0007947607512009642,0.0006539703,0.0
343,38,std,Channel_38_std,0.00102943254368438,0.0013022984,0.0
344,38,skewness,Channel_38_skewness,0.0009608175029597128,0.00078429095,0.0028173363269520606
345,38,kurtosis,Channel_38_kurtosis,0.0009665566444819235,0.0007723024,0.00449499724933186
346,38,delta_power,Channel_38_delta_power,0.0005760411610031678,0.0005315122,0.0
347,38,theta_power,Channel_38_theta_power,0.0005365004999137326,0.00048879586,0.0
348,38,alpha_power,Channel_38_alpha_power,0.00046919026785902297,0.0005563747,0.0
349,38,beta_power,Channel_38_beta_power,0.0009695230115504123,0.0014326553,0.0
350,38,gamma_power,Channel_38_gamma_power,0.0012149223968802654,0.0011991232,0.0
351,39,mean,Channel_39_mean,0.0007881199836171182,0.0005621772,0.0
352,39,std,Channel_39_std,0.0006188893930456419,0.00062042684,0.0
353,39,skewness,Channel_39_skewness,0.0007702825572919742,0.00064462394,0.0013709061008819099
354,39,kurtosis,Channel_39_kurtosis,0.0007034495813816082,0.0005629147,0.0
355,39,delta_power,Channel_39_delta_power,0.0004981796002799795,0.0007316948,0.0
356,39,theta_power,Channel_39_theta_power,0.0004888317024687494,0.00097153237,0.0
357,39,alpha_power,Channel_39_alpha_power,0.0005421491401023705,0.0010826559,0.0
358,39,beta_power,Channel_39_beta_power,0.0009080178596947695,0.001118175,0.0
359,39,gamma_power,Channel_39_gamma_power,0.0008881219915364769,0.0008564013,0.0
360,40,mean,Channel_40_mean,0.0007532594371065763,0.0009002888,0.0
361,40,std,Channel_40_std,0.0006599214589690164,0.0013094876,0.0
362,40,skewness,Channel_40_skewness,0.0007928198487803056,0.00078415836,0.004962908179601284
363,40,kurtosis,Channel_40_kurtosis,0.0007789963064827466,0.0006245724,0.0
364,40,delta_power,Channel_40_delta_power,0.0005125631978885265,0.0009770502,0.0
365,40,theta_power,Channel_40_theta_power,0.0005090461712531717,0.0005948562,0.0
366,40,alpha_power,Channel_40_alpha_power,0.0004435641050367597,0.0007009476,0.0
367,40,beta_power,Channel_40_beta_power,0.00044141109617303775,0.0005099486,0.0
368,40,gamma_power,Channel_40_gamma_power,0.0005203986910244042,0.00066954264,0.0
369,41,mean,Channel_41_mean,0.0007678654051182468,0.0013642795,0.0
370,41,std,Channel_41_std,0.000507367100981968,0.00079783343,0.0
371,41,skewness,Channel_41_skewness,0.0008114054252806646,0.0006732572,0.0
372,41,kurtosis,Channel_41_kurtosis,0.0008307858434363943,0.00053923647,0.0
373,41,delta_power,Channel_41_delta_power,0.0006084852305248988,0.00063234556,0.0
374,41,theta_power,Channel_41_theta_power,0.0005127807509169128,0.0006735344,0.0
375,41,alpha_power,Channel_41_alpha_power,0.0006146401458339882,0.0008428718,0.0
376,41,beta_power,Channel_41_beta_power,0.000691956624607414,0.00071909203,0.0
377,41,gamma_power,Channel_41_gamma_power,0.0006414400532028869,0.00064057915,0.0
378,42,mean,Channel_42_mean,0.001237506145890675,0.0006751002,0.0
379,42,std,Channel_42_std,0.0007153932249253177,0.0006038539,0.0014905189222468758
380,42,skewness,Channel_42_skewness,0.0011231644620203858,0.0007876607,0.003022533303145857
381,42,kurtosis,Channel_42_kurtosis,0.0011722395747370122,0.0005744535,0.009792133021046324
382,42,delta_power,Channel_42_delta_power,0.0006760918899586174,0.0006805581,0.0
383,42,theta_power,Channel_42_theta_power,0.0012453415270444524,0.0008390498,0.0
384,42,alpha_power,Channel_42_alpha_power,0.0007197820224558562,0.0012468254,0.0
385,42,beta_power,Channel_42_beta_power,0.00081568102751276,0.0011867022,0.0
386,42,gamma_power,Channel_42_gamma_power,0.0009588477691995791,0.0009340579,0.0
387,43,mean,Channel_43_mean,0.0015509066956955527,0.0008279867,0.005651960505281026
388,43,std,Channel_43_std,0.0009009500479977059,0.0010995481,0.0
389,43,skewness,Channel_43_skewness,0.001158016851840854,0.0007303099,0.0
390,43,kurtosis,Channel_43_kurtosis,0.0010699829304236161,0.0007849542,0.0
391,43,delta_power,Channel_43_delta_power,0.000753087581644475,0.0007206564,0.0
392,43,theta_power,Channel_43_theta_power,0.0007502745845668987,0.00063961634,0.0
393,43,alpha_power,Channel_43_alpha_power,0.0006959758933035673,0.00091718143,0.0
394,43,beta_power,Channel_43_beta_power,0.0008579305094883644,0.0010018498,0.0
395,43,gamma_power,Channel_43_gamma_power,0.0009521369472316742,0.001052475,0.0
396,44,mean,Channel_44_mean,0.0006578872165645815,0.000842965,0.0
397,44,std,Channel_44_std,0.0005751787569515054,0.00044658466,0.0
398,44,skewness,Channel_44_skewness,0.0008347991220056418,0.0005635902,0.0
399,44,kurtosis,Channel_44_kurtosis,0.0009365103117976287,0.0010432394,0.0
400,44,delta_power,Channel_44_delta_power,0.0005930878727183095,0.0012065475,0.0
401,44,theta_power,Channel_44_theta_power,0.0007463682225463377,0.00087956164,0.0
402,44,alpha_power,Channel_44_alpha_power,0.0005385702379661904,0.0010432157,0.0
403,44,beta_power,Channel_44_beta_power,0.0019359265632981678,0.0023508235,0.0
404,44,gamma_power,Channel_44_gamma_power,0.0013815800466319922,0.0010065299,0.0
405,45,mean,Channel_45_mean,0.0006250561251214804,0.0006759905,0.0
406,45,std,Channel_45_std,0.0004550436193690516,0.0011374115,0.0
407,45,skewness,Channel_45_skewness,0.000662348920573823,0.00057835545,0.0
408,45,kurtosis,Channel_45_kurtosis,0.0007958413381560036,0.0006734967,0.0
409,45,delta_power,Channel_45_delta_power,0.0005344354082178798,0.000509572,0.0
410,45,theta_power,Channel_45_theta_power,0.0004444129221002166,0.001107053,0.0
411,45,alpha_power,Channel_45_alpha_power,0.0004108776588696164,0.001151275,0.0
412,45,beta_power,Channel_45_beta_power,0.0005004536225635529,0.0007316957,0.0
413,45,gamma_power,Channel_45_gamma_power,0.0005002582260736056,0.0010622896,0.0
414,46,mean,Channel_46_mean,0.0006868915386820329,0.0007067124,0.0
415,46,std,Channel_46_std,0.00040675725033702655,0.0007389723,0.0
416,46,skewness,Channel_46_skewness,0.0007164493896397333,0.00074190064,0.0049515619762284776
417,46,kurtosis,Channel_46_kurtosis,0.0006823550189002203,0.0006930057,0.0
418,46,delta_power,Channel_46_delta_power,0.00045702500383362527,0.0004020432,0.0
419,46,theta_power,Channel_46_theta_power,0.00040242444038009005,0.0009895683,0.0
420,46,alpha_power,Channel_46_alpha_power,0.00038910207596771313,0.0007544652,0.0
421,46,beta_power,Channel_46_beta_power,0.000451279126840692,0.0008316592,0.0010188855071519268
422,46,gamma_power,Channel_46_gamma_power,0.0006087240996918449,0.0011439855,0.0
423,47,mean,Channel_47_mean,0.0018262848628844664,0.00080070493,0.00026266921726134194
424,47,std,Channel_47_std,0.0012907329160748405,0.0008702753,0.008894986277753193
425,47,skewness,Channel_47_skewness,0.0012362744024295178,0.00072664977,0.001415281594786471
426,47,kurtosis,Channel_47_kurtosis,0.0012659957584183982,0.0007344131,0.0009309113673273812
427,47,delta_power,Channel_47_delta_power,0.0011116690380072198,0.0008416406,0.0
428,47,theta_power,Channel_47_theta_power,0.0008716882689461447,0.0008942921,0.0
429,47,alpha_power,Channel_47_alpha_power,0.0009685716089337411,0.0006580043,0.007750055133215519
430,47,beta_power,Channel_47_beta_power,0.0011372052234391071,0.0009000971,0.0
431,47,gamma_power,Channel_47_gamma_power,0.0015134207077213018,0.0012744409,0.004029194316050541
432,48,mean,Channel_48_mean,0.00179428420503805,0.00078239816,0.000983897924527949
433,48,std,Channel_48_std,0.0016863537786653642,0.001279474,0.01289136013183892
434,48,skewness,Channel_48_skewness,0.0017419487032034817,0.00062332704,0.003484211238178365
435,48,kurtosis,Channel_48_kurtosis,0.002236719938638351,0.0008399763,0.00823788916503001
436,48,delta_power,Channel_48_delta_power,0.0011024289054220563,0.00086834864,0.0
437,48,theta_power,Channel_48_theta_power,0.0009008729773052972,0.0012948419,0.002705384007857342
438,48,alpha_power,Channel_48_alpha_power,0.0008687032420708536,0.0008004844,0.012167234837043696
439,48,beta_power,Channel_48_beta_power,0.0011566446322905306,0.00079905504,0.003541431366274533
440,48,gamma_power,Channel_48_gamma_power,0.0015490158017544525,0.0010940973,0.0
441,49,mean,Channel_49_mean,0.0006704374639736148,0.00077152025,0.0
442,49,std,Channel_49_std,0.0004161899185326086,0.0006175002,0.0
443,49,skewness,Channel_49_skewness,0.0007310579219277778,0.000548972,0.005302270753962115
444,49,kurtosis,Channel_49_kurtosis,0.0009288919641920093,0.0005419737,0.0028008314717088995
445,49,delta_power,Channel_49_delta_power,0.0004681945134082984,0.0006995751,0.0
446,49,theta_power,Channel_49_theta_power,0.0004878690968614453,0.0014214376,0.0
447,49,alpha_power,Channel_49_alpha_power,0.0004845220311800795,0.0009412908,0.0
448,49,beta_power,Channel_49_beta_power,0.0009029737509177753,0.001005011,0.0
449,49,gamma_power,Channel_49_gamma_power,0.0015654821323043621,0.0010442393,0.0
450,50,mean,Channel_50_mean,0.0006057669105077649,0.0006702574,0.0
451,50,std,Channel_50_std,0.0004625719524423795,0.0007279824,0.0
452,50,skewness,Channel_50_skewness,0.0005943558674018434,0.0006172665,0.013276570556525227
453,50,kurtosis,Channel_50_kurtosis,0.000848689691271745,0.0007358058,0.0
454,50,delta_power,Channel_50_delta_power,0.00043356797019130847,0.0005721624,0.0
455,50,theta_power,Channel_50_theta_power,0.0005400260262196159,0.000907431,0.0
456,50,alpha_power,Channel_50_alpha_power,0.0004213864148890737,0.0006418603,0.0
457,50,beta_power,Channel_50_beta_power,0.0005338235586979144,0.00096609833,0.00047660104124239833
458,50,gamma_power,Channel_50_gamma_power,0.0006924733594930857,0.0010021088,0.0
459,51,mean,Channel_51_mean,0.0006277831205739996,0.00068779336,0.0
460,51,std,Channel_51_std,0.00038758178411856767,0.0006478094,0.0
461,51,skewness,Channel_51_skewness,0.0007183273197749211,0.00052302564,0.004272795564207351
462,51,kurtosis,Channel_51_kurtosis,0.0008978189101274348,0.00082464167,0.0
463,51,delta_power,Channel_51_delta_power,0.0004859928244872783,0.0005674856,0.0
464,51,theta_power,Channel_51_theta_power,0.00044032042278990553,0.0005486194,0.0
465,51,alpha_power,Channel_51_alpha_power,0.00040342395112798294,0.000666462,0.0
466,51,beta_power,Channel_51_beta_power,0.0006692527851617814,0.0013575645,0.0
467,51,gamma_power,Channel_51_gamma_power,0.0004950035719034026,0.0010283068,0.0
468,52,mean,Channel_52_mean,0.0011178251172006262,0.0009808819,0.0
469,52,std,Channel_52_std,0.0006322134761792128,0.00057415257,0.0
470,52,skewness,Channel_52_skewness,0.0011705056227730285,0.00071572076,0.0
471,52,kurtosis,Channel_52_kurtosis,0.0011662505849524645,0.00042589993,0.0039567435566049075
472,52,delta_power,Channel_52_delta_power,0.000635513616896043,0.0007491732,0.0
473,52,theta_power,Channel_52_theta_power,0.0005437643917394308,0.00096977677,0.0
474,52,alpha_power,Channel_52_alpha_power,0.0006467399803422595,0.0009544186,0.0
475,52,beta_power,Channel_52_beta_power,0.0006138086695280406,0.00058790966,0.018769925767030345
476,52,gamma_power,Channel_52_gamma_power,0.0008152854096054406,0.0007326548,0.0
477,53,mean,Channel_53_mean,0.0009400123550669481,0.00062286854,0.0
478,53,std,Channel_53_std,0.0011409045848933097,0.0011271816,0.0
479,53,skewness,Channel_53_skewness,0.0010420290867594966,0.00069432566,0.0
480,53,kurtosis,Channel_53_kurtosis,0.0009890996414875328,0.00063482946,0.013846154419301907
481,53,delta_power,Channel_53_delta_power,0.00076455586701609,0.00083269953,0.0
482,53,theta_power,Channel_53_theta_power,0.0009574616278689197,0.0006724593,0.0
483,53,alpha_power,Channel_53_alpha_power,0.0008610532758438795,0.0007474576,0.0
484,53,beta_power,Channel_53_beta_power,0.0009328158514464869,0.0008296337,0.0
485,53,gamma_power,Channel_53_gamma_power,0.0014625344979387251,0.0006645121,0.0
486,54,mean,Channel_54_mean,0.0013013258755004383,0.0006126235,0.0
487,54,std,Channel_54_std,0.0014521434953413278,0.0013946511,0.0
488,54,skewness,Channel_54_skewness,0.001384703465604909,0.00057236326,0.007801350398456638
489,54,kurtosis,Channel_54_kurtosis,0.0011862435543258077,0.0006342401,0.0090638063073332
490,54,delta_power,Channel_54_delta_power,0.000984655759233629,0.000799254,0.0
491,54,theta_power,Channel_54_theta_power,0.0012174126937441023,0.0008294842,0.0
492,54,alpha_power,Channel_54_alpha_power,0.0012118574495959473,0.0015526899,0.0
493,54,beta_power,Channel_54_beta_power,0.0015847428880388936,0.0011477288,0.0
494,54,gamma_power,Channel_54_gamma_power,0.0018660212408408367,0.0015069419,0.0
495,55,mean,Channel_55_mean,0.0012587396875558157,0.00068019045,0.004319488149949592
496,55,std,Channel_55_std,0.0012621617719913555,0.0008334331,0.007942899131647911
497,55,skewness,Channel_55_skewness,0.001522409193571356,0.000718713,0.0005378186225095056
498,55,kurtosis,Channel_55_kurtosis,0.0011456544882336665,0.00040988674,0.0
499,55,delta_power,Channel_55_delta_power,0.0010446840224051367,0.0008782583,0.0
500,55,theta_power,Channel_55_theta_power,0.000838401008349974,0.0010366918,0.0018747034013932233
501,55,alpha_power,Channel_55_alpha_power,0.0009073762638346836,0.0007315162,0.0
502,55,beta_power,Channel_55_beta_power,0.0012077705762916712,0.001355904,0.0
503,55,gamma_power,Channel_55_gamma_power,0.001182891900751186,0.00078818056,0.0
504,56,mean,Channel_56_mean,0.0007659564697971027,0.0004373928,0.0
505,56,std,Channel_56_std,0.0005435399753763581,0.001220433,0.0
506,56,skewness,Channel_56_skewness,0.0008465633075866664,0.00091892935,0.00631051924998411
507,56,kurtosis,Channel_56_kurtosis,0.0010367178355813256,0.00062094035,0.0
508,56,delta_power,Channel_56_delta_power,0.0005414188212244798,0.00065653236,0.0
509,56,theta_power,Channel_56_theta_power,0.0004419993575882714,0.0006562051,0.0
510,56,alpha_power,Channel_56_alpha_power,0.0005168596347013072,0.00094277604,0.0
511,56,beta_power,Channel_56_beta_power,0.000607320853725383,0.0010165599,0.0
512,56,gamma_power,Channel_56_gamma_power,0.0008074852241259987,0.0006131999,0.0
513,57,mean,Channel_57_mean,0.0005990174905396012,0.00070770946,0.0
514,57,std,Channel_57_std,0.000434338731259387,0.00052571966,0.0
515,57,skewness,Channel_57_skewness,0.0007033271667027322,0.000758248,0.00030956566391028686
516,57,kurtosis,Channel_57_kurtosis,0.0008990800560886085,0.0005680537,0.0
517,57,delta_power,Channel_57_delta_power,0.00043883122952659325,0.0011436898,0.0
518,57,theta_power,Channel_57_theta_power,0.00042512660759153146,0.00052488805,0.0
519,57,alpha_power,Channel_57_alpha_power,0.0005782608101333318,0.0006737654,0.0
520,57,beta_power,Channel_57_beta_power,0.0007364867306470608,0.0007475338,0.0
521,57,gamma_power,Channel_57_gamma_power,0.0007923478851175806,0.00071264163,0.0
522,58,mean,Channel_58_mean,0.0005048558919700551,0.0011471751,0.0
523,58,std,Channel_58_std,0.00039049566824618206,0.0011784434,0.0
524,58,skewness,Channel_58_skewness,0.00072821745639,0.0008652875,0.008323745209688595
525,58,kurtosis,Channel_58_kurtosis,0.0007985806459959424,0.0005554483,0.0
526,58,delta_power,Channel_58_delta_power,0.0003735120443184761,0.00046601435,0.0
527,58,theta_power,Channel_58_theta_power,0.0004712411886650101,0.0006488477,0.0
528,58,alpha_power,Channel_58_alpha_power,0.0004721907243750335,0.0010525938,0.0
529,58,beta_power,Channel_58_beta_power,0.0006018193069893755,0.0010727344,0.0
530,58,gamma_power,Channel_58_gamma_power,0.0007645555511814474,0.000965264,0.0
531,59,mean,Channel_59_mean,0.0008053527784966024,0.0007850179,0.0
532,59,std,Channel_59_std,0.00044938315772968465,0.00061517244,0.0
533,59,skewness,Channel_59_skewness,0.0007134597398068542,0.0005764109,0.0
534,59,kurtosis,Channel_59_kurtosis,0.0008453889001578617,0.00050584663,0.008953317296009494
535,59,delta_power,Channel_59_delta_power,0.000574313403263117,0.0009071554,0.0
536,59,theta_power,Channel_59_theta_power,0.0004999758637304273,0.000747685,0.0
537,59,alpha_power,Channel_59_alpha_power,0.0005037130241973315,0.0005724619,0.0
538,59,beta_power,Channel_59_beta_power,0.0007403433065489659,0.0009003907,0.0
539,59,gamma_power,Channel_59_gamma_power,0.0007311071753687967,0.00090113166,0.0
540,60,mean,Channel_60_mean,0.000722995781800415,0.0006553006,0.0
541,60,std,Channel_60_std,0.00043949271755843887,0.00080356054,0.0
542,60,skewness,Channel_60_skewness,0.0009231322439842175,0.0008051644,0.0034086254228480185
543,60,kurtosis,Channel_60_kurtosis,0.0012102830799321648,0.0006077853,0.0
544,60,delta_power,Channel_60_delta_power,0.00043635691363324436,0.001052931,0.0
545,60,theta_power,Channel_60_theta_power,0.0005363451398076727,0.0011346607,0.0
546,60,alpha_power,Channel_60_alpha_power,0.0005739997994115216,0.000982995,0.0
547,60,beta_power,Channel_60_beta_power,0.0010322043444639724,0.001260883,0.0
548,60,gamma_power,Channel_60_gamma_power,0.0010123925211798237,0.00091992976,0.0
549,61,mean,Channel_61_mean,0.0008110454387306146,0.0006581207,0.0
550,61,std,Channel_61_std,0.0007223690700278338,0.00070846215,0.0
551,61,skewness,Channel_61_skewness,0.000924437322049039,0.0006945595,0.0029664281386652096
552,61,kurtosis,Channel_61_kurtosis,0.0009526213642655984,0.0006413158,0.0
553,61,delta_power,Channel_61_delta_power,0.0007301242102541336,0.0010524838,0.0
554,61,theta_power,Channel_61_theta_power,0.0007754446871960824,0.0007812219,0.0
555,61,alpha_power,Channel_61_alpha_power,0.0008471579225672252,0.0007270507,0.0
556,61,beta_power,Channel_61_beta_power,0.001366831886229773,0.0016464258,0.010767658313334918
557,61,gamma_power,Channel_61_gamma_power,0.0013022212233035784,0.0012095094,0.0
558,62,mean,Channel_62_mean,0.0011150132157098278,0.0006657995,0.0040192842792779295
559,62,std,Channel_62_std,0.00098633250663322,0.0012684152,0.0
560,62,skewness,Channel_62_skewness,0.0010491117723180085,0.0007070548,0.001684891727870289
561,62,kurtosis,Channel_62_kurtosis,0.0015980891083577098,0.00060335436,0.024387733352628713
562,62,delta_power,Channel_62_delta_power,0.000653531746658427,0.00075902644,0.0
563,62,theta_power,Channel_62_theta_power,0.0005880712529102469,0.00070569955,0.0
564,62,alpha_power,Channel_62_alpha_power,0.0006354700078378629,0.0012508408,0.0
565,62,beta_power,Channel_62_beta_power,0.0017850332272994398,0.0021845473,0.0
566,62,gamma_power,Channel_62_gamma_power,0.000745482408298108,0.0007138886,0.0
567,63,mean,Channel_63_mean,0.0005986371751160127,0.0006898679,0.0
568,63,std,Channel_63_std,0.0003865315402906126,0.000982114,0.0
569,63,skewness,Channel_63_skewness,0.0007162073053228246,0.0007494752,0.0
570,63,kurtosis,Channel_63_kurtosis,0.0010987799117159586,0.00090150523,0.0
571,63,delta_power,Channel_63_delta_power,0.0004612459938701275,0.00061051024,0.0
572,63,theta_power,Channel_63_theta_power,0.0004039693454650316,0.001163493,0.0
573,63,alpha_power,Channel_63_alpha_power,0.00044864728082707214,0.0013667434,0.0
574,63,beta_power,Channel_63_beta_power,0.0006959978463444234,0.0011868675,0.0
575,63,gamma_power,Channel_63_gamma_power,0.0006681318747629866,0.0006346295,0.0
576,64,mean,Channel_64_mean,0.000569159976426721,0.0008254264,0.0
577,64,std,Channel_64_std,0.0004278567763796151,0.0013402392,0.0
578,64,skewness,Channel_64_skewness,0.000873083396532097,0.0005988294,0.0
579,64,kurtosis,Channel_64_kurtosis,0.0008400689216356923,0.00084466516,0.007951375491015258
580,64,delta_power,Channel_64_delta_power,0.0004688678778224235,0.0011054827,0.0
581,64,theta_power,Channel_64_theta_power,0.000585316650726583,0.0011508062,0.0
582,64,alpha_power,Channel_64_alpha_power,0.00043768436790179543,0.00056943815,0.0
583,64,beta_power,Channel_64_beta_power,0.0007008194012704141,0.0012317264,0.0
584,64,gamma_power,Channel_64_gamma_power,0.0007249574381657627,0.00080276374,0.0
585,65,mean,Channel_65_mean,0.0006332285756497938,0.0011184602,0.0
586,65,std,Channel_65_std,0.00043137749013538143,0.0010206477,0.0
587,65,skewness,Channel_65_skewness,0.0008013860402759146,0.0005663615,0.0
588,65,kurtosis,Channel_65_kurtosis,0.0009537575831711122,0.0006213858,0.0
589,65,delta_power,Channel_65_delta_power,0.0005245240681825955,0.0006985172,0.0
590,65,theta_power,Channel_65_theta_power,0.0005493220475675365,0.00086736504,0.0
591,65,alpha_power,Channel_65_alpha_power,0.0005659239377186632,0.0013903563,0.0
592,65,beta_power,Channel_65_beta_power,0.0006452197622820458,0.00044234004,0.0
593,65,gamma_power,Channel_65_gamma_power,0.0007086615505139685,0.0010598738,0.0
594,66,mean,Channel_66_mean,0.0015258931683376218,0.00056141324,0.0
595,66,std,Channel_66_std,0.0011503182307286892,0.0010602596,0.004705345849328163
596,66,skewness,Channel_66_skewness,0.0012348344865066177,0.0010329338,0.002976927774464205
597,66,kurtosis,Channel_66_kurtosis,0.002145201154195385,0.0014697745,0.0014535039374335406
598,66,delta_power,Channel_66_delta_power,0.0017067619822314114,0.0022650536,0.0
599,66,theta_power,Channel_66_theta_power,0.0022016873816762443,0.0025859924,0.011211453132037806
600,66,alpha_power,Channel_66_alpha_power,0.0017361285520846167,0.0020966248,0.006847585761330458
601,66,beta_power,Channel_66_beta_power,0.0013712268311013751,0.001988886,0.0
602,66,gamma_power,Channel_66_gamma_power,0.003102741696261838,0.0032063387,0.0
603,67,mean,Channel_67_mean,0.0008433073760073106,0.0005789307,0.0
604,67,std,Channel_67_std,0.0007673056716721801,0.0006094041,0.0
605,67,skewness,Channel_67_skewness,0.0008830994182982154,0.00056783436,0.0003407139676682386
606,67,kurtosis,Channel_67_kurtosis,0.0011884796069479688,0.00093876,0.011421629120783988
607,67,delta_power,Channel_67_delta_power,0.0007338066339700176,0.0022666322,0.0
608,67,theta_power,Channel_67_theta_power,0.0004360494995107264,0.00075468665,0.0
609,67,alpha_power,Channel_67_alpha_power,0.0006350753083195166,0.0011417454,0.0
610,67,beta_power,Channel_67_beta_power,0.0007700251393041835,0.00091239676,0.0037578832994722257
611,67,gamma_power,Channel_67_gamma_power,0.0006663810797023694,0.00075721956,0.0010658692909246714
612,68,mean,Channel_68_mean,0.000600679403091481,0.0007792759,0.004492245638686154
613,68,std,Channel_68_std,0.0005040326800182777,0.0008896667,0.00254092866441375
614,68,skewness,Channel_68_skewness,0.0008846664503124385,0.0006971326,0.025311589738036572
615,68,kurtosis,Channel_68_kurtosis,0.0012209989641289206,0.0005711984,0.0007153210438660984
616,68,delta_power,Channel_68_delta_power,0.0005372493161897352,0.0012635516,0.0
617,68,theta_power,Channel_68_theta_power,0.000512735125977142,0.0010917868,0.0
618,68,alpha_power,Channel_68_alpha_power,0.0005111309041728904,0.000720105,0.0
619,68,beta_power,Channel_68_beta_power,0.0007589466850289328,0.0011434453,0.0
620,68,gamma_power,Channel_68_gamma_power,0.0006967504910050936,0.00075616746,0.0
621,69,mean,Channel_69_mean,0.0006184511511999649,0.00046116379,0.0
622,69,std,Channel_69_std,0.00039123533496275385,0.0014715742,0.0
623,69,skewness,Channel_69_skewness,0.0008052981998822724,0.0009084036,0.0030088373701527343
624,69,kurtosis,Channel_69_kurtosis,0.0009261193530304188,0.00072626624,0.009829711525574106
625,69,delta_power,Channel_69_delta_power,0.0005100073739722986,0.00073596137,0.0
626,69,theta_power,Channel_69_theta_power,0.0006586578382020649,0.00094363093,0.0
627,69,alpha_power,Channel_69_alpha_power,0.0005331135971921954,0.0008643065,0.0
628,69,beta_power,Channel_69_beta_power,0.0007120768845988749,0.001108179,0.0
629,69,gamma_power,Channel_69_gamma_power,0.0006993719094956569,0.0010297772,0.0
630,70,mean,Channel_70_mean,0.0007253305095040875,0.0006622913,0.0
631,70,std,Channel_70_std,0.00039686269085543785,0.0007921602,0.0
632,70,skewness,Channel_70_skewness,0.0007242303355187237,0.0005369698,0.014247921207386901
633,70,kurtosis,Channel_70_kurtosis,0.0008021284467868275,0.0006967812,0.0
634,70,delta_power,Channel_70_delta_power,0.0004925181305987067,0.0006270314,0.0
635,70,theta_power,Channel_70_theta_power,0.0006147015190371882,0.000991429,0.0
636,70,alpha_power,Channel_70_alpha_power,0.0006198295946836299,0.00041611266,0.0
637,70,beta_power,Channel_70_beta_power,0.0006358429237179206,0.0013418405,0.0
638,70,gamma_power,Channel_70_gamma_power,0.0006253715560725345,0.0010011436,0.0
639,71,mean,Channel_71_mean,0.0007975325441009632,0.0007886672,0.0
640,71,std,Channel_71_std,0.0006076039838084043,0.0008087454,0.0
641,71,skewness,Channel_71_skewness,0.0008253770715709132,0.00064087077,0.0
642,71,kurtosis,Channel_71_kurtosis,0.0008551516179824653,0.0003814136,0.009133966487032106
643,71,delta_power,Channel_71_delta_power,0.000530630560496095,0.00032596034,0.0
644,71,theta_power,Channel_71_theta_power,0.0007251295900986796,0.0010020962,0.0
645,71,alpha_power,Channel_71_alpha_power,0.0006396159481182788,0.00076127157,0.0
646,71,beta_power,Channel_71_beta_power,0.0009701076388114554,0.0007632585,0.0
647,71,gamma_power,Channel_71_gamma_power,0.000799314713128265,0.0006324889,0.0
648,72,mean,Channel_72_mean,0.000767787625063335,0.00070066605,0.0
649,72,std,Channel_72_std,0.0006895141900553934,0.0007807387,0.0
650,72,skewness,Channel_72_skewness,0.0009196670618046367,0.0006095311,0.008039767727321939
651,72,kurtosis,Channel_72_kurtosis,0.0009331272731355508,0.00086603774,0.0
652,72,delta_power,Channel_72_delta_power,0.0005224311109701825,0.0005794815,0.0
653,72,theta_power,Channel_72_theta_power,0.0005222849790476331,0.00074813346,0.0
654,72,alpha_power,Channel_72_alpha_power,0.000562705677901965,0.0007652373,0.0
655,72,beta_power,Channel_72_beta_power,0.0006971744298616841,0.00090406626,0.0
656,72,gamma_power,Channel_72_gamma_power,0.0007936507222741025,0.0011477673,0.0
657,73,mean,Channel_73_mean,0.0007751322508943061,0.0005084667,0.0
658,73,std,Channel_73_std,0.0006319317172148692,0.0009495642,0.0
659,73,skewness,Channel_73_skewness,0.000950823192744919,0.0005250218,0.0015128423051720182
660,73,kurtosis,Channel_73_kurtosis,0.0013478092691001648,0.00055906427,0.006784405652787204
661,73,delta_power,Channel_73_delta_power,0.0006050254530490222,0.00081262056,0.0
662,73,theta_power,Channel_73_theta_power,0.0005264893760456635,0.0008560968,0.0
663,73,alpha_power,Channel_73_alpha_power,0.0005317443226955819,0.00039712377,0.0
664,73,beta_power,Channel_73_beta_power,0.0007420416630980775,0.0006814924,0.0
665,73,gamma_power,Channel_73_gamma_power,0.000686086472503272,0.00070113,0.0
666,74,mean,Channel_74_mean,0.0007831226126857677,0.00074717903,0.0
667,74,std,Channel_74_std,0.0007696101358159574,0.0006429445,0.0
668,74,skewness,Channel_74_skewness,0.0008919697879404331,0.0004078176,0.0
669,74,kurtosis,Channel_74_kurtosis,0.0014578280203501506,0.00087446434,0.023510542322471857
670,74,delta_power,Channel_74_delta_power,0.0005213674944344374,0.0007243804,0.0
671,74,theta_power,Channel_74_theta_power,0.0008440610291067116,0.0017712016,0.0
672,74,alpha_power,Channel_74_alpha_power,0.0006427889867634041,0.0006472708,0.0
673,74,beta_power,Channel_74_beta_power,0.0008467775163329244,0.0007668622,0.0
674,74,gamma_power,Channel_74_gamma_power,0.0008340607465978842,0.0009366371,0.0
675,75,mean,Channel_75_mean,0.0006933758698223799,0.0007974848,0.0
676,75,std,Channel_75_std,0.0004566541224753489,0.00091011677,0.0
677,75,skewness,Channel_75_skewness,0.0007422211129901015,0.0006739646,0.008200681226136519
678,75,kurtosis,Channel_75_kurtosis,0.0009105810676092879,0.00072184764,0.0026697585220931646
679,75,delta_power,Channel_75_delta_power,0.0004062960003092856,0.00086020003,0.0
680,75,theta_power,Channel_75_theta_power,0.0006851813300532073,0.00068708346,0.0
681,75,alpha_power,Channel_75_alpha_power,0.0005937636062895791,0.0010902181,0.0
682,75,beta_power,Channel_75_beta_power,0.0008276573191018024,0.00067344034,0.0
683,75,gamma_power,Channel_75_gamma_power,0.0008971809802699484,0.00086184224,0.0
684,76,mean,Channel_76_mean,0.000689189575080981,0.00061822345,0.0
685,76,std,Channel_76_std,0.0005944189307039147,0.0003853644,0.0
686,76,skewness,Channel_76_skewness,0.0010792681037639857,0.000551039,0.008958562991601917
687,76,kurtosis,Channel_76_kurtosis,0.001011648776625519,0.00061577343,0.005379832396291433
688,76,delta_power,Channel_76_delta_power,0.000495829539542104,0.0012125163,0.0
689,76,theta_power,Channel_76_theta_power,0.0007893053069467487,0.0005815879,0.0
690,76,alpha_power,Channel_76_alpha_power,0.0007136444347821939,0.00068545155,0.0
691,76,beta_power,Channel_76_beta_power,0.0007297381461178839,0.0009482664,0.0
692,76,gamma_power,Channel_76_gamma_power,0.0009903245140148167,0.00039078732,0.0
693,77,mean,Channel_77_mean,0.0007415786167938626,0.0007889155,0.0
694,77,std,Channel_77_std,0.000567693031085307,0.000718093,0.0
695,77,skewness,Channel_77_skewness,0.0008996877863270514,0.0007546619,0.005736243958480254
696,77,kurtosis,Channel_77_kurtosis,0.0009112487556290319,0.00085879024,0.0
697,77,delta_power,Channel_77_delta_power,0.0006443662398530847,0.0010166186,0.0
698,77,theta_power,Channel_77_theta_power,0.0005539831132766942,0.0008417574,0.0
699,77,alpha_power,Channel_77_alpha_power,0.0007043055628609174,0.00039732642,0.0
700,77,beta_power,Channel_77_beta_power,0.000609370599329093,0.00054358586,0.0
701,77,gamma_power,Channel_77_gamma_power,0.0016306993716457734,0.0011548625,0.0
702,78,mean,Channel_78_mean,0.0007700688423980244,0.00068525545,0.0
703,78,std,Channel_78_std,0.0007645207420162441,0.000990679,0.0
704,78,skewness,Channel_78_skewness,0.0011154467590381778,0.0007431432,0.002802013731778466
705,78,kurtosis,Channel_78_kurtosis,0.0010150948397275163,0.00059509504,0.0006210490803828073
706,78,delta_power,Channel_78_delta_power,0.0007175375031606727,0.00091651967,0.0
707,78,theta_power,Channel_78_theta_power,0.0006817160559354764,0.0007940278,0.0
708,78,alpha_power,Channel_78_alpha_power,0.000781247256227697,0.0010060399,0.0
709,78,beta_power,Channel_78_beta_power,0.0009103380157119948,0.00129142,0.0
710,78,gamma_power,Channel_78_gamma_power,0.0009202957647134815,0.0013176113,0.0
711,79,mean,Channel_79_mean,0.0009817739286097577,0.00079383043,0.0
712,79,std,Channel_79_std,0.0011400457935114281,0.0013979522,0.0
713,79,skewness,Channel_79_skewness,0.0014067900009203356,0.0008931939,0.003466633458467945
714,79,kurtosis,Channel_79_kurtosis,0.0011678279598634263,0.00090242387,0.0
715,79,delta_power,Channel_79_delta_power,0.0009009836739955666,0.0014963829,0.0
716,79,theta_power,Channel_79_theta_power,0.0008923327892503309,0.0010719496,0.0
717,79,alpha_power,Channel_79_alpha_power,0.001244777764663345,0.0011571595,0.0
718,79,beta_power,Channel_79_beta_power,0.0009531336041346028,0.0006719606,0.0
719,79,gamma_power,Channel_79_gamma_power,0.001078245369023399,0.0014345725,0.0
720,80,mean,Channel_80_mean,0.0009578112736489842,0.0006109459,0.0
721,80,std,Channel_80_std,0.0007242959864834863,0.0010226961,0.0
722,80,skewness,Channel_80_skewness,0.0009071722741881,0.0006109512,0.0
723,80,kurtosis,Channel_80_kurtosis,0.000980824562862976,0.0010878574,0.0
724,80,delta_power,Channel_80_delta_power,0.0007085977688182098,0.0007425858,0.0
725,80,theta_power,Channel_80_theta_power,0.0005867834235210472,0.0015135112,0.0
726,80,alpha_power,Channel_80_alpha_power,0.0005657681038430488,0.00069162174,0.0
727,80,beta_power,Channel_80_beta_power,0.0006366177699140938,0.0008117802,0.0
728,80,gamma_power,Channel_80_gamma_power,0.0007618948829972713,0.0008444272,0.0
729,81,mean,Channel_81_mean,0.0008319271923314001,0.0010369373,0.0
730,81,std,Channel_81_std,0.0004992259671649499,0.0009885569,0.0
731,81,skewness,Channel_81_skewness,0.0007691397484309386,0.0006485892,0.0
732,81,kurtosis,Channel_81_kurtosis,0.0008022127955488581,0.000919263,0.0
733,81,delta_power,Channel_81_delta_power,0.0006817263625791224,0.0005249399,0.0
734,81,theta_power,Channel_81_theta_power,0.0005869380625024246,0.0011246286,0.0
735,81,alpha_power,Channel_81_alpha_power,0.0005855407263169717,0.0006091752,0.0
736,81,beta_power,Channel_81_beta_power,0.0008289574397826977,0.00094834826,0.0
737,81,gamma_power,Channel_81_gamma_power,0.0005263480866165329,0.0009449435,0.006061981601171337
738,82,mean,Channel_82_mean,0.00071462234061092,0.000722847,0.0
739,82,std,Channel_82_std,0.0005025371072197565,0.00035958932,0.0
740,82,skewness,Channel_82_skewness,0.0008846634629754448,0.000742894,0.0024824777297130225
741,82,kurtosis,Channel_82_kurtosis,0.0008185011065330851,0.0006431163,0.01323776143893743
742,82,delta_power,Channel_82_delta_power,0.00040972697583561437,0.0007556943,0.0
743,82,theta_power,Channel_82_theta_power,0.0008057813092448854,0.0013255136,0.0
744,82,alpha_power,Channel_82_alpha_power,0.0006135507925198521,0.0009931831,0.0
745,82,beta_power,Channel_82_beta_power,0.000830276725416331,0.0010396224,0.0
746,82,gamma_power,Channel_82_gamma_power,0.000781574559659594,0.001362497,0.0
747,83,mean,Channel_83_mean,0.0006388392295554755,0.0007315541,0.0
748,83,std,Channel_83_std,0.0005829761116373196,0.0019519973,0.0
749,83,skewness,Channel_83_skewness,0.000724820172248882,0.000517685,0.0
750,83,kurtosis,Channel_83_kurtosis,0.0007789332259604072,0.0007548922,0.0
751,83,delta_power,Channel_83_delta_power,0.0005160555921053905,0.00088727416,0.0
752,83,theta_power,Channel_83_theta_power,0.0005033316157931008,0.00064327725,0.0
753,83,alpha_power,Channel_83_alpha_power,0.0006349055970188105,0.00092983106,0.0
754,83,beta_power,Channel_83_beta_power,0.0005949251807371554,0.0018802558,0.0
755,83,gamma_power,Channel_83_gamma_power,0.0008154191350895508,0.0008469967,0.0
756,84,mean,Channel_84_mean,0.0006553169958198102,0.0006777684,0.0
757,84,std,Channel_84_std,0.0005025945980398533,0.00043385895,0.0
758,84,skewness,Channel_84_skewness,0.0008431557139804841,0.00070788123,0.0030793658726342692
759,84,kurtosis,Channel_84_kurtosis,0.0009381523454607406,0.0006630024,0.0
760,84,delta_power,Channel_84_delta_power,0.0004515109139745368,0.0010006925,0.0
761,84,theta_power,Channel_84_theta_power,0.0005354643809134343,0.0011077793,0.0
762,84,alpha_power,Channel_84_alpha_power,0.0006469420059969218,0.0011675771,0.0
763,84,beta_power,Channel_84_beta_power,0.0006445650589184546,0.0008721433,0.0
764,84,gamma_power,Channel_84_gamma_power,0.0007924881861366216,0.00074153475,0.0
765,85,mean,Channel_85_mean,0.000777786869721088,0.00069471786,0.0
766,85,std,Channel_85_std,0.0006481493376655531,0.00093493715,0.0
767,85,skewness,Channel_85_skewness,0.0011684971328901636,0.0008642731,0.013334606316572592
768,85,kurtosis,Channel_85_kurtosis,0.0009942727808901098,0.0008780492,0.013878415185070677
769,85,delta_power,Channel_85_delta_power,0.0009196106348379168,0.00074200035,0.0
770,85,theta_power,Channel_85_theta_power,0.0008597566944410897,0.0007711681,0.0
771,85,alpha_power,Channel_85_alpha_power,0.0009614917168529116,0.000998372,0.0
772,85,beta_power,Channel_85_beta_power,0.0008675548660026103,0.0012217881,0.0
773,85,gamma_power,Channel_85_gamma_power,0.0009424586939729188,0.00066144957,0.0
774,86,mean,Channel_86_mean,0.0009256902084557863,0.0006452693,0.0
775,86,std,Channel_86_std,0.0008833947612710572,0.0012704366,0.0
776,86,skewness,Channel_86_skewness,0.001470318814893015,0.00059037533,0.0
777,86,kurtosis,Channel_86_kurtosis,0.0012606359743123964,0.0007463631,0.0
778,86,delta_power,Channel_86_delta_power,0.0007452406454689473,0.00089006,0.0
779,86,theta_power,Channel_86_theta_power,0.00093713764629507,0.0008444832,0.0
780,86,alpha_power,Channel_86_alpha_power,0.0010362584854229351,0.0010863651,0.0
781,86,beta_power,Channel_86_beta_power,0.0008114393942618317,0.00083018903,0.0
782,86,gamma_power,Channel_86_gamma_power,0.0011913915421594625,0.0009079936,0.0
783,87,mean,Channel_87_mean,0.001100525798283645,0.00048232122,0.0
784,87,std,Channel_87_std,0.0009072746036300343,0.0012361931,0.0
785,87,skewness,Channel_87_skewness,0.0011345714985402924,0.00058071956,0.0
786,87,kurtosis,Channel_87_kurtosis,0.0013109812214716463,0.00065300503,0.00574965613438119
787,87,delta_power,Channel_87_delta_power,0.0007034645624606325,0.00094846875,0.0
788,87,theta_power,Channel_87_theta_power,0.0005715521086065034,0.0012278741,0.0
789,87,alpha_power,Channel_87_alpha_power,0.0005404169743991108,0.00037406632,0.0
790,87,beta_power,Channel_87_beta_power,0.0007414917565383273,0.0010385086,0.0
791,87,gamma_power,Channel_87_gamma_power,0.0007824707904874732,0.00068996544,0.0
792,88,mean,Channel_88_mean,0.0009487003192540467,0.0006563716,0.0
793,88,std,Channel_88_std,0.0006087990464372674,0.0007543721,0.0
794,88,skewness,Channel_88_skewness,0.0010052952584195612,0.0006845684,0.004651867013889113
795,88,kurtosis,Channel_88_kurtosis,0.0011687606927882842,0.000662342,0.0
796,88,delta_power,Channel_88_delta_power,0.0006719250776077017,0.00072395673,0.0
797,88,theta_power,Channel_88_theta_power,0.0005898527322232198,0.00094541186,0.0
798,88,alpha_power,Channel_88_alpha_power,0.000652932876131307,0.00092285255,0.0
799,88,beta_power,Channel_88_beta_power,0.000711159874392989,0.00049566134,0.0
800,88,gamma_power,Channel_88_gamma_power,0.0008435788736361458,0.001144165,0.0
801,89,mean,Channel_89_mean,0.0006321034517785167,0.0010320463,0.0
802,89,std,Channel_89_std,0.00034894725313059445,0.0014214441,0.0
803,89,skewness,Channel_89_skewness,0.0006876439967339224,0.0009052966,0.0
804,89,kurtosis,Channel_89_kurtosis,0.0008668318988616918,0.000740703,0.0030084894129069895
805,89,delta_power,Channel_89_delta_power,0.00047405567473948854,0.00094460323,0.0
806,89,theta_power,Channel_89_theta_power,0.0008527494422098983,0.0010486735,0.0
807,89,alpha_power,Channel_89_alpha_power,0.0005494108066805002,0.00071179064,0.0
808,89,beta_power,Channel_89_beta_power,0.0007852245090546418,0.0010391538,0.0
809,89,gamma_power,Channel_89_gamma_power,0.0006709085443320352,0.0008628346,0.0
810,90,mean,Channel_90_mean,0.0007348135779030665,0.000759764,0.0
811,90,std,Channel_90_std,0.0003072398375113795,0.00045300685,0.0
812,90,skewness,Channel_90_skewness,0.0008324168843367168,0.0005592918,0.006193284744718165
813,90,kurtosis,Channel_90_kurtosis,0.0008309345536714806,0.00050789624,0.0
814,90,delta_power,Channel_90_delta_power,0.00043761668211565155,0.0005220529,0.0
815,90,theta_power,Channel_90_theta_power,0.0005242797765104961,0.0011550337,0.0
816,90,alpha_power,Channel_90_alpha_power,0.000592106395817306,0.0012273483,0.0
817,90,beta_power,Channel_90_beta_power,0.0006152595040147122,0.0014870311,0.0
818,90,gamma_power,Channel_90_gamma_power,0.000865005872054229,0.00066024973,0.0
819,91,mean,Channel_91_mean,0.0006103995728930764,0.00062709075,0.0
820,91,std,Channel_91_std,0.0004626973520540183,0.0014351646,0.0
821,91,skewness,Channel_91_skewness,0.0008376043228840586,0.0004497012,0.002852447049851289
822,91,kurtosis,Channel_91_kurtosis,0.0007414111777424591,0.0005497092,0.0
823,91,delta_power,Channel_91_delta_power,0.00045789733627794605,0.00077397574,0.0
824,91,theta_power,Channel_91_theta_power,0.000784830253852059,0.0007898048,0.0
825,91,alpha_power,Channel_91_alpha_power,0.0009181371767948877,0.0021629122,0.0
826,91,beta_power,Channel_91_beta_power,0.0006579349817945987,0.0012270007,0.0
827,91,gamma_power,Channel_91_gamma_power,0.0009201168539940557,0.0008813217,0.0
828,92,mean,Channel_92_mean,0.0007094878863288439,0.0008030434,0.0
829,92,std,Channel_92_std,0.0008200792433552262,0.0008508207,0.0
830,92,skewness,Channel_92_skewness,0.0008157761258746493,0.00061986654,0.0006829038210273622
831,92,kurtosis,Channel_92_kurtosis,0.0007978488804388225,0.00075311464,0.0
832,92,delta_power,Channel_92_delta_power,0.00047755387225759653,0.00070909236,0.0
833,92,theta_power,Channel_92_theta_power,0.0006502737310939606,0.0009989764,0.0
834,92,alpha_power,Channel_92_alpha_power,0.0007776699007089912,0.0012624973,0.0
835,92,beta_power,Channel_92_beta_power,0.0006238185915635293,0.0010596766,0.0
836,92,gamma_power,Channel_92_gamma_power,0.0007493116953930136,0.00082459586,0.0
837,93,mean,Channel_93_mean,0.0010665232625727144,0.0007328977,0.0
838,93,std,Channel_93_std,0.0006758522823784159,0.0010489878,0.0004063006435749226
839,93,skewness,Channel_93_skewness,0.001007271629596915,0.0006313842,0.012244753673565825
840,93,kurtosis,Channel_93_kurtosis,0.0009856429865834349,0.00061932247,0.002931252910737639
841,93,delta_power,Channel_93_delta_power,0.0007957141000090916,0.000864714,0.0
842,93,theta_power,Channel_93_theta_power,0.0006357159216624595,0.0010030393,0.0
843,93,alpha_power,Channel_93_alpha_power,0.0006178334306621832,0.0008377616,0.0
844,93,beta_power,Channel_93_beta_power,0.0009630047496898257,0.00094822125,0.007718271550613808
845,93,gamma_power,Channel_93_gamma_power,0.000944469795973022,0.00083960145,0.0
846,94,mean,Channel_94_mean,0.0006629008463860561,0.00079193077,0.0
847,94,std,Channel_94_std,0.0003486665229583862,0.0006103727,0.0
848,94,skewness,Channel_94_skewness,0.00078432671378109,0.0006420859,0.015005822120518007
849,94,kurtosis,Channel_94_kurtosis,0.0007525196563162861,0.0007002846,0.0088990402431809
850,94,delta_power,Channel_94_delta_power,0.00043852178436200166,0.0004971897,0.0
851,94,theta_power,Channel_94_theta_power,0.0005264880252353989,0.0007344529,0.0
852,94,alpha_power,Channel_94_alpha_power,0.0005137707516990268,0.0017251165,0.0
853,94,beta_power,Channel_94_beta_power,0.0006103726991517499,0.0009345252,0.0
854,94,gamma_power,Channel_94_gamma_power,0.0008907263403954653,0.00081299234,0.0
855,95,mean,Channel_95_mean,0.0009564034104783424,0.0010516924,0.0
856,95,std,Channel_95_std,0.0005960207891497113,0.00058942765,0.0
857,95,skewness,Channel_95_skewness,0.0009077463290601172,0.0005681292,0.0
858,95,kurtosis,Channel_95_kurtosis,0.0009937829307040886,0.00048868614,0.007988663967835862
859,95,delta_power,Channel_95_delta_power,0.0004216979618863296,0.0007569133,0.0
860,95,theta_power,Channel_95_theta_power,0.000555292379303654,0.00068759057,0.0
861,95,alpha_power,Channel_95_alpha_power,0.000599869288295745,0.000969685,0.0
862,95,beta_power,Channel_95_beta_power,0.0006641078164068534,0.0010672129,0.0
863,95,gamma_power,Channel_95_gamma_power,0.0008795013401570022,0.0011030766,0.0
864,96,mean,Channel_96_mean,0.0006179631214534638,0.00064899126,0.0
865,96,std,Channel_96_std,0.0005022785977399289,0.0009587506,0.0
866,96,skewness,Channel_96_skewness,0.0007096285228803556,0.00052320684,0.0
867,96,kurtosis,Channel_96_kurtosis,0.0007727828461464976,0.0006695938,0.0
868,96,delta_power,Channel_96_delta_power,0.00048827390522594347,0.0012286939,0.0
869,96,theta_power,Channel_96_theta_power,0.0004344371637755125,0.0007062668,0.0
870,96,alpha_power,Channel_96_alpha_power,0.0005663414206887498,0.0009139645,0.0
871,96,beta_power,Channel_96_beta_power,0.0005173184653320431,0.00075158925,0.0
872,96,gamma_power,Channel_96_gamma_power,0.0007441357447149637,0.0006217721,0.0
873,97,mean,Channel_97_mean,0.0005931214871773088,0.00091725646,0.0
874,97,std,Channel_97_std,0.0005493992802472869,0.0025536846,0.0
875,97,skewness,Channel_97_skewness,0.0007565755059539539,0.0005757232,0.0
876,97,kurtosis,Channel_97_kurtosis,0.000799916176751642,0.0006905967,0.011352627163510185
877,97,delta_power,Channel_97_delta_power,0.00041758365633081567,0.00082377833,0.0
878,97,theta_power,Channel_97_theta_power,0.0004162963405316205,0.0010274423,0.0
879,97,alpha_power,Channel_97_alpha_power,0.0005282705163947358,0.0006299571,0.0
880,97,beta_power,Channel_97_beta_power,0.000612694295119733,0.0009691671,0.0
881,97,gamma_power,Channel_97_gamma_power,0.0005639166405172805,0.0010139785,0.0
882,98,mean,Channel_98_mean,0.0009549201142450575,0.000785364,0.004775861979653826
883,98,std,Channel_98_std,0.0005493701785003876,0.0007689105,0.00028450334688038447
884,98,skewness,Channel_98_skewness,0.001066802321763388,0.00045431007,0.00043779255020790864
885,98,kurtosis,Channel_98_kurtosis,0.0010991167501648938,0.00079499575,0.008821264691659905
886,98,delta_power,Channel_98_delta_power,0.000614101456309901,0.0006868599,0.0
887,98,theta_power,Channel_98_theta_power,0.0005723166300123952,0.0008180662,0.0
888,98,alpha_power,Channel_98_alpha_power,0.0005815768795965143,0.0007300748,0.0
889,98,beta_power,Channel_98_beta_power,0.0007190167455755277,0.0012549658,0.0
890,98,gamma_power,Channel_98_gamma_power,0.0010463167379074474,0.0011090494,0.0
891,99,mean,Channel_99_mean,0.0010867675647273688,0.0010405966,0.0
892,99,std,Channel_99_std,0.0005452256054598592,0.0007422136,0.0
893,99,skewness,Channel_99_skewness,0.0009640417182542987,0.00061176193,0.001017331294088319
894,99,kurtosis,Channel_99_kurtosis,0.0009991624906788257,0.0008165415,0.01098459474694431
895,99,delta_power,Channel_99_delta_power,0.0006154764975454794,0.0011081748,0.0
896,99,theta_power,Channel_99_theta_power,0.0005396261617287982,0.00046185547,0.0
897,99,alpha_power,Channel_99_alpha_power,0.00043537410300169754,0.00081769,0.0
898,99,beta_power,Channel_99_beta_power,0.0011980838446195336,0.001822715,0.0
899,99,gamma_power,Channel_99_gamma_power,0.0011216245497961792,0.0010277001,0.0
900,100,mean,Channel_100_mean,0.0007509008871213775,0.0013313533,0.0
901,100,std,Channel_100_std,0.00045601439188906317,0.00079442887,0.0
902,100,skewness,Channel_100_skewness,0.0008828054374035242,0.00069793116,0.002661905817210884
903,100,kurtosis,Channel_100_kurtosis,0.0009041064726936995,0.00068900187,0.0
904,100,delta_power,Channel_100_delta_power,0.0006077011027695924,0.0012116481,0.0
905,100,theta_power,Channel_100_theta_power,0.000499533226635457,0.0009803701,0.0
906,100,alpha_power,Channel_100_alpha_power,0.0005320933030828655,0.00060459314,0.0
907,100,beta_power,Channel_100_beta_power,0.0010235395511706726,0.0018706748,0.0
908,100,gamma_power,Channel_100_gamma_power,0.0009889407303264707,0.002356842,0.0
909,101,mean,Channel_101_mean,0.000766920461271324,0.0007706337,0.0
910,101,std,Channel_101_std,0.0005140813500921037,0.00092643936,0.0
911,101,skewness,Channel_101_skewness,0.0007048819529201206,0.00073180755,0.012200269658729628
912,101,kurtosis,Channel_101_kurtosis,0.0007806985606434912,0.0005980132,0.0
913,101,delta_power,Channel_101_delta_power,0.0005061781364370124,0.00088289555,0.0
914,101,theta_power,Channel_101_theta_power,0.000487639141016627,0.0006855994,0.0
915,101,alpha_power,Channel_101_alpha_power,0.0003905643116655281,0.0007567527,0.0
916,101,beta_power,Channel_101_beta_power,0.0006166767647926602,0.0005320542,0.0
917,101,gamma_power,Channel_101_gamma_power,0.000651780846232433,0.00083383534,0.0
918,102,mean,Channel_102_mean,0.0006526774130207118,0.00065087364,0.0
919,102,std,Channel_102_std,0.000819199173344049,0.0018948093,0.0
920,102,skewness,Channel_102_skewness,0.000809538780265852,0.0007939539,0.0
921,102,kurtosis,Channel_102_kurtosis,0.000808697104510436,0.00079355197,0.0
922,102,delta_power,Channel_102_delta_power,0.0006383240336435494,0.000646989,0.0
923,102,theta_power,Channel_102_theta_power,0.0005653571155716018,0.0013358713,0.0
924,102,alpha_power,Channel_102_alpha_power,0.0006191478155488519,0.0009845094,0.0
925,102,beta_power,Channel_102_beta_power,0.000747801835676329,0.0008771664,0.0
926,102,gamma_power,Channel_102_gamma_power,0.0006905970205760511,0.0011841031,0.0
927,103,mean,Channel_103_mean,0.000690294368440635,0.0007209812,0.0
928,103,std,Channel_103_std,0.0028682252000359278,0.0024361843,0.0
929,103,skewness,Channel_103_skewness,0.0008143301537569321,0.0012075893,0.0002511258690777504
930,103,kurtosis,Channel_103_kurtosis,0.0008567182595354702,0.0007744776,0.0
931,103,delta_power,Channel_103_delta_power,0.0007717484084998266,0.001375581,0.0
932,103,theta_power,Channel_103_theta_power,0.005111661965653305,0.0045808037,0.0
933,103,alpha_power,Channel_103_alpha_power,0.001063808184221788,0.0010804328,0.0
934,103,beta_power,Channel_103_beta_power,0.0007535268124064887,0.0007260995,0.0
935,103,gamma_power,Channel_103_gamma_power,0.0008260462151562835,0.0013385329,0.0
936,104,mean,Channel_104_mean,0.0008576415913601426,0.00057152245,0.0
937,104,std,Channel_104_std,0.0007293419865280064,0.0009221088,0.0
938,104,skewness,Channel_104_skewness,0.0012031414949163644,0.00064459036,0.0007200671914913501
939,104,kurtosis,Channel_104_kurtosis,0.0012439276713239137,0.00058736245,0.0
940,104,delta_power,Channel_104_delta_power,0.0006546807692937372,0.0006219378,0.0
941,104,theta_power,Channel_104_theta_power,0.0007615388190658121,0.0008828525,0.0
942,104,alpha_power,Channel_104_alpha_power,0.0007603423268744107,0.0008550196,0.0
943,104,beta_power,Channel_104_beta_power,0.0008419990920316265,0.0008175545,0.0
944,104,gamma_power,Channel_104_gamma_power,0.0007529100504069104,0.0005417195,0.0
945,105,mean,Channel_105_mean,0.0009861234829900529,0.0006523057,0.0
946,105,std,Channel_105_std,0.0007746714199015584,0.0010291309,0.0
947,105,skewness,Channel_105_skewness,0.0011178195821101029,0.00069290644,0.00571524496285744
948,105,kurtosis,Channel_105_kurtosis,0.0014638946724611082,0.0012237366,0.00211277162575542
949,105,delta_power,Channel_105_delta_power,0.0008092182680919906,0.0014161692,0.0
950,105,theta_power,Channel_105_theta_power,0.0009745992970787388,0.0011238105,0.0
951,105,alpha_power,Channel_105_alpha_power,0.0009070686371322742,0.00087704905,0.0
952,105,beta_power,Channel_105_beta_power,0.0011424942608886874,0.0014165457,0.0
953,105,gamma_power,Channel_105_gamma_power,0.0009148645518141093,0.001393109,0.0
954,106,mean,Channel_106_mean,0.001928436374804563,0.0011450626,0.0012384167468875314
955,106,std,Channel_106_std,0.000972387527031357,0.001069636,0.0012310147752903975
956,106,skewness,Channel_106_skewness,0.001109793409906314,0.00079933705,0.0034609754480233296
957,106,kurtosis,Channel_106_kurtosis,0.001378307697436591,0.0008823734,0.009981023641335596
958,106,delta_power,Channel_106_delta_power,0.0010117502852497156,0.00085101783,0.0
959,106,theta_power,Channel_106_theta_power,0.0008792878411679652,0.0012118334,0.0
960,106,alpha_power,Channel_106_alpha_power,0.0009287883666471714,0.0008563036,0.0
961,106,beta_power,Channel_106_beta_power,0.0013628341115001924,0.0010507256,0.0
962,106,gamma_power,Channel_106_gamma_power,0.001441493301370064,0.0010562754,0.0003727956713800778
963,107,mean,Channel_107_mean,0.001021007398152505,0.0015533946,0.0
964,107,std,Channel_107_std,0.00047887391036251405,0.0005331352,0.0
965,107,skewness,Channel_107_skewness,0.0008016615951045958,0.0006314295,0.0
966,107,kurtosis,Channel_107_kurtosis,0.000841154841335566,0.00072372175,0.014642243210910297
967,107,delta_power,Channel_107_delta_power,0.0005747098688548485,0.00063344516,0.0
968,107,theta_power,Channel_107_theta_power,0.000479801157994401,0.0011861415,0.0
969,107,alpha_power,Channel_107_alpha_power,0.0005601018803200777,0.0006263269,0.0
970,107,beta_power,Channel_107_beta_power,0.0026620580372411686,0.0022590605,0.0
971,107,gamma_power,Channel_107_gamma_power,0.0014273379134829625,0.0014782673,0.0
972,108,mean,Channel_108_mean,0.0007831237964104393,0.0006079776,0.0
973,108,std,Channel_108_std,0.0005355995064021391,0.0008213576,0.0
974,108,skewness,Channel_108_skewness,0.0008618642677629209,0.00072623143,0.0031652738386764895
975,108,kurtosis,Channel_108_kurtosis,0.0011409382844754783,0.00070501416,0.0
976,108,delta_power,Channel_108_delta_power,0.0005189632283661326,0.0007468625,0.0
977,108,theta_power,Channel_108_theta_power,0.0004582088061068731,0.0007557058,0.0
978,108,alpha_power,Channel_108_alpha_power,0.0005772922799319991,0.001266234,0.0
979,108,beta_power,Channel_108_beta_power,0.0008189149043535185,0.0008123921,0.0
980,108,gamma_power,Channel_108_gamma_power,0.0008919323692498366,0.0008718002,0.0
981,109,mean,Channel_109_mean,0.0007803996268612514,0.00053575134,0.0
982,109,std,Channel_109_std,0.0007205752922353235,0.0006293266,0.0
983,109,skewness,Channel_109_skewness,0.0011519547075830693,0.00052856625,0.005846117627274852
984,109,kurtosis,Channel_109_kurtosis,0.00107631601936831,0.00069873955,0.00019830237840543188
985,109,delta_power,Channel_109_delta_power,0.0005362915840464708,0.00054805004,0.0
986,109,theta_power,Channel_109_theta_power,0.0006746991328483944,0.0006236554,0.0
987,109,alpha_power,Channel_109_alpha_power,0.0006354606260266693,0.00056993193,0.0
988,109,beta_power,Channel_109_beta_power,0.0007978485314279767,0.0013303777,0.0
989,109,gamma_power,Channel_109_gamma_power,0.0010342206036256145,0.00049805344,0.0
990,110,mean,Channel_110_mean,0.0006192865881855244,0.0007414197,0.0
991,110,std,Channel_110_std,0.0006916980228793244,0.0006054362,0.0
992,110,skewness,Channel_110_skewness,0.0009127444679659682,0.00081487716,0.0
993,110,kurtosis,Channel_110_kurtosis,0.0010046323724334845,0.0006795527,0.000947974376629988
994,110,delta_power,Channel_110_delta_power,0.0005815946729326242,0.0005765425,0.0
995,110,theta_power,Channel_110_theta_power,0.0006743402985373347,0.0008340946,0.0
996,110,alpha_power,Channel_110_alpha_power,0.0007157308130251935,0.00073451333,0.0
997,110,beta_power,Channel_110_beta_power,0.0007049938199386101,0.0011581506,0.0
998,110,gamma_power,Channel_110_gamma_power,0.0007636013779963284,0.0015126669,0.0
999,111,mean,Channel_111_mean,0.0010543027068241535,0.00093035324,0.0
1000,111,std,Channel_111_std,0.0008597152389358975,0.0011547639,0.0
1001,111,skewness,Channel_111_skewness,0.0010568435345917405,0.0007813436,0.0
1002,111,kurtosis,Channel_111_kurtosis,0.0010487017878623949,0.0005502304,0.008012545983661844
1003,111,delta_power,Channel_111_delta_power,0.0009149062689450295,0.0011533854,0.0
1004,111,theta_power,Channel_111_theta_power,0.001401180112556705,0.0011295219,0.0
1005,111,alpha_power,Channel_111_alpha_power,0.0008326416979931281,0.000916483,0.0
1006,111,beta_power,Channel_111_beta_power,0.001089553657498299,0.001282852,0.0
1007,111,gamma_power,Channel_111_gamma_power,0.0020920031197522912,0.0016077004,0.0
1008,112,mean,Channel_112_mean,0.001203270491923439,0.0009156263,0.0013760349657585057
1009,112,std,Channel_112_std,0.0008065380713065136,0.0008870642,0.0
1010,112,skewness,Channel_112_skewness,0.0014905287519154998,0.00072227954,0.004575494199456693
1011,112,kurtosis,Channel_112_kurtosis,0.001539574239378872,0.00073729036,0.0012887743948162445
1012,112,delta_power,Channel_112_delta_power,0.000823487839463347,0.00087355956,0.0
1013,112,theta_power,Channel_112_theta_power,0.0007936012479388747,0.00085174653,0.0
1014,112,alpha_power,Channel_112_alpha_power,0.0008108679081339447,0.000453173,0.004420570226186327
1015,112,beta_power,Channel_112_beta_power,0.0010407972198115403,0.0021579785,0.0
1016,112,gamma_power,Channel_112_gamma_power,0.001163016118906422,0.00085333403,0.0
1017,113,mean,Channel_113_mean,0.0014268775822410939,0.00055736577,0.00037772910991987847
1018,113,std,Channel_113_std,0.00121925324936014,0.0008957047,0.006960728062507073
1019,113,skewness,Channel_113_skewness,0.0014399380912940584,0.0006039929,0.007565566863146203
1020,113,kurtosis,Channel_113_kurtosis,0.0015058689068202355,0.0007201322,0.009037776567275564
1021,113,delta_power,Channel_113_delta_power,0.000791144348166081,0.0012125478,0.0
1022,113,theta_power,Channel_113_theta_power,0.0007272308319451365,0.0009136635,0.0
1023,113,alpha_power,Channel_113_alpha_power,0.0007488676392867536,0.0007259825,0.0
1024,113,beta_power,Channel_113_beta_power,0.0008623433002162954,0.000777408,0.0
1025,113,gamma_power,Channel_113_gamma_power,0.0011353679294478969,0.0010644498,0.0
1026,114,mean,Channel_114_mean,0.0009959258781673007,0.0010301283,0.0
1027,114,std,Channel_114_std,0.0006282886599479852,0.0008075655,0.0
1028,114,skewness,Channel_114_skewness,0.0008784442612420275,0.0008622585,0.01625133623430009
1029,114,kurtosis,Channel_114_kurtosis,0.0009312544705640094,0.000667429,0.0028741143823718955
1030,114,delta_power,Channel_114_delta_power,0.0006010829322585709,0.00068825483,0.0
1031,114,theta_power,Channel_114_theta_power,0.0005551595666089818,0.0009897852,0.0
1032,114,alpha_power,Channel_114_alpha_power,0.0005642787374654508,0.00059729617,0.0
1033,114,beta_power,Channel_114_beta_power,0.0013064644037165964,0.0014030759,0.0
1034,114,gamma_power,Channel_114_gamma_power,0.0015519155624839178,0.00065366185,0.0
1035,115,mean,Channel_115_mean,0.0009472140876822853,0.0005677673,0.0
1036,115,std,Channel_115_std,0.0005875744198311204,0.0007659954,0.0
1037,115,skewness,Channel_115_skewness,0.0009603321935508498,0.000497454,0.0
1038,115,kurtosis,Channel_115_kurtosis,0.000826915050818474,0.00067500584,0.00648238674538894
1039,115,delta_power,Channel_115_delta_power,0.0005975572777933825,0.00057808135,0.0
1040,115,theta_power,Channel_115_theta_power,0.0006758630444275659,0.00076990924,0.0
1041,115,alpha_power,Channel_115_alpha_power,0.0006567634215702541,0.0012492039,0.0
1042,115,beta_power,Channel_115_beta_power,0.0010504421606658291,0.0011273107,0.0
1043,115,gamma_power,Channel_115_gamma_power,0.004660787849534158,0.00262116,0.0
1044,116,mean,Channel_116_mean,0.000627134736039443,0.0006190641,0.0
1045,116,std,Channel_116_std,0.0005957785745743549,0.0010026653,0.0
1046,116,skewness,Channel_116_skewness,0.0010838586097733167,0.0008188272,0.009903717113955471
1047,116,kurtosis,Channel_116_kurtosis,0.0009822889146781247,0.0007817453,0.011789111575071615
1048,116,delta_power,Channel_116_delta_power,0.0005884206173615253,0.0005441644,0.0
1049,116,theta_power,Channel_116_theta_power,0.0005859278407702488,0.0006216648,0.0
1050,116,alpha_power,Channel_116_alpha_power,0.0004409030058745297,0.0009512041,0.0
1051,116,beta_power,Channel_116_beta_power,0.0005733608116794658,0.0009915358,0.0
1052,116,gamma_power,Channel_116_gamma_power,0.000854069920231377,0.0017076937,0.0
1053,117,mean,Channel_117_mean,0.0006697621613567493,0.00060595234,0.0
1054,117,std,Channel_117_std,0.000711895119719344,0.0014789301,0.0
1055,117,skewness,Channel_117_skewness,0.000943829474492732,0.0008867027,0.0
1056,117,kurtosis,Channel_117_kurtosis,0.0009890374533817403,0.0010182126,0.013712359179152162
1057,117,delta_power,Channel_117_delta_power,0.0006386805119861288,0.0010573684,0.0
1058,117,theta_power,Channel_117_theta_power,0.0009703305548130645,0.0011914867,0.0
1059,117,alpha_power,Channel_117_alpha_power,0.0005415893963237982,0.0009705609,0.0
1060,117,beta_power,Channel_117_beta_power,0.0007565622895194533,0.0011188682,0.0
1061,117,gamma_power,Channel_117_gamma_power,0.0005756211553412064,0.0014607465,0.0
1062,118,mean,Channel_118_mean,0.002232405039370923,0.0007073868,0.003491420464942734
1063,118,std,Channel_118_std,0.0019523058656581848,0.0006202769,0.009781507364504257
1064,118,skewness,Channel_118_skewness,0.0013182336884814418,0.00076478935,0.0
1065,118,kurtosis,Channel_118_kurtosis,0.0016479761028231014,0.0007889278,0.005102527120099324
1066,118,delta_power,Channel_118_delta_power,0.0013220518835950256,0.0009955859,0.0006605346714587602
1067,118,theta_power,Channel_118_theta_power,0.0011210351491881625,0.0007023639,0.0
1068,118,alpha_power,Channel_118_alpha_power,0.001503263667544008,0.0013610586,0.0
1069,118,beta_power,Channel_118_beta_power,0.001175526682148533,0.001013324,0.0
1070,118,gamma_power,Channel_118_gamma_power,0.0015889634830053264,0.0013106818,0.0070188154168152
1071,119,mean,Channel_119_mean,0.0010600562207662995,0.0006409354,0.0
1072,119,std,Channel_119_std,0.0009688238372380046,0.0010027189,0.0020396879578298464
1073,119,skewness,Channel_119_skewness,0.0011302504214172478,0.0006966733,0.0
1074,119,kurtosis,Channel_119_kurtosis,0.0011206048818390474,0.0008414742,0.0
1075,119,delta_power,Channel_119_delta_power,0.0010963443485247242,0.0009633085,0.0
1076,119,theta_power,Channel_119_theta_power,0.00073575414284817,0.00087927375,0.0
1077,119,alpha_power,Channel_119_alpha_power,0.0008096814918159298,0.0009236727,0.0
1078,119,beta_power,Channel_119_beta_power,0.0011404842895664635,0.0010959029,0.00112805880980743
1079,119,gamma_power,Channel_119_gamma_power,0.0017392265630642968,0.002419956,0.0
1080,120,mean,Channel_120_mean,0.0018849099011530026,0.0014913412,0.0
1081,120,std,Channel_120_std,0.0014786428167047785,0.0013463869,0.01330610787196813
1082,120,skewness,Channel_120_skewness,0.0008508578310964417,0.0006535111,0.0050705021438872885
1083,120,kurtosis,Channel_120_kurtosis,0.001582620087775878,0.00095582235,0.0030521148954396208
1084,120,delta_power,Channel_120_delta_power,0.0008738251210350893,0.001330903,0.0
1085,120,theta_power,Channel_120_theta_power,0.0006686183896166008,0.0009599635,0.0015391508284193904
1086,120,alpha_power,Channel_120_alpha_power,0.0006758321458882746,0.001022665,0.0
1087,120,beta_power,Channel_120_beta_power,0.0007982444700365249,0.0010271831,0.0
1088,120,gamma_power,Channel_120_gamma_power,0.0012335179100879075,0.00096558244,0.0
1089,121,mean,Channel_121_mean,0.001098439658578105,0.00097509293,0.0
1090,121,std,Channel_121_std,0.0006437473561098748,0.0007676858,0.0
1091,121,skewness,Channel_121_skewness,0.0009626375258083021,0.0007396392,0.0
1092,121,kurtosis,Channel_121_kurtosis,0.0010590769483157139,0.00096726464,0.0001803415207219729
1093,121,delta_power,Channel_121_delta_power,0.0006632574113748185,0.0007590471,0.0
1094,121,theta_power,Channel_121_theta_power,0.0005763515367077927,0.00083223934,0.0
1095,121,alpha_power,Channel_121_alpha_power,0.0005627640025408275,0.000782386,0.0
1096,121,beta_power,Channel_121_beta_power,0.0009822263377522622,0.0011054494,0.0
1097,121,gamma_power,Channel_121_gamma_power,0.0011102962941447738,0.0014971053,0.0
1098,122,mean,Channel_122_mean,0.0010174566933343005,0.0005820207,0.0
1099,122,std,Channel_122_std,0.001099018663974185,0.0016083295,0.0
1100,122,skewness,Channel_122_skewness,0.0013199640222470311,0.00081842154,0.0
1101,122,kurtosis,Channel_122_kurtosis,0.0011171810577938408,0.00068052637,0.0045953487106084705
1102,122,delta_power,Channel_122_delta_power,0.001432920327721948,0.0012601668,0.0
1103,122,theta_power,Channel_122_theta_power,0.0011480236446526307,0.0014070402,0.0
1104,122,alpha_power,Channel_122_alpha_power,0.0011578104341853572,0.0017257504,0.0
1105,122,beta_power,Channel_122_beta_power,0.0014037892894725344,0.0015058991,0.0
1106,122,gamma_power,Channel_122_gamma_power,0.001574803380806909,0.0013371949,0.0
1107,123,mean,Channel_123_mean,0.0007810797184378642,0.0005946775,0.014859724765722365
1108,123,std,Channel_123_std,0.0007591756187445756,0.0009146308,0.0
1109,123,skewness,Channel_123_skewness,0.0009190202169518217,0.00069892744,0.0027143659629694705
1110,123,kurtosis,Channel_123_kurtosis,0.0008337293637019365,0.00049646705,0.0
1111,123,delta_power,Channel_123_delta_power,0.0005779049651999639,0.0006091473,0.0
1112,123,theta_power,Channel_123_theta_power,0.0007642757064382007,0.0011906433,0.0
1113,123,alpha_power,Channel_123_alpha_power,0.0006847339672170454,0.0015554749,0.0
1114,123,beta_power,Channel_123_beta_power,0.0008577297589887335,0.0010065164,0.0
1115,123,gamma_power,Channel_123_gamma_power,0.001018106675203599,0.0019474365,0.0
1116,124,mean,Channel_124_mean,0.0011641678903166642,0.000896133,0.0057835887199985826
1117,124,std,Channel_124_std,0.0018531561576653494,0.0009804912,0.005427686143144628
1118,124,skewness,Channel_124_skewness,0.0011902627476425838,0.0009210653,0.00430538035187828
1119,124,kurtosis,Channel_124_kurtosis,0.001653638541134139,0.0007142148,0.00123556312906902
1120,124,delta_power,Channel_124_delta_power,0.0008107678439136972,0.0006406269,0.0
1121,124,theta_power,Channel_124_theta_power,0.0009483212300172236,0.0014591987,0.0
1122,124,alpha_power,Channel_124_alpha_power,0.0006271506649504663,0.00067796145,0.0028568092270789065
1123,124,beta_power,Channel_124_beta_power,0.0010119803926813215,0.0009883615,0.006214581833310709
1124,124,gamma_power,Channel_124_gamma_power,0.0013426946051023519,0.0016281242,0.0
1125,125,mean,Channel_125_mean,0.001684607366854067,0.00079010567,0.003012668919586093
1126,125,std,Channel_125_std,0.0013520570849864292,0.0010159855,0.0
1127,125,skewness,Channel_125_skewness,0.0017608028171298613,0.0006129772,0.0038408082332164442
1128,125,kurtosis,Channel_125_kurtosis,0.0022766484742177294,0.0010990744,0.006394273112288266
1129,125,delta_power,Channel_125_delta_power,0.0013193586775067994,0.0007201264,0.0
1130,125,theta_power,Channel_125_theta_power,0.0017838753729640356,0.0014088224,0.0
1131,125,alpha_power,Channel_125_alpha_power,0.0016806082938320042,0.0011549819,0.0
1132,125,beta_power,Channel_125_beta_power,0.0020397956449700054,0.0015224732,0.0
1133,125,gamma_power,Channel_125_gamma_power,0.0011336156161326418,0.0008516219,0.0
1134,126,mean,Channel_126_mean,0.0013225133599138064,0.00058014836,0.004567024192168222
1135,126,std,Channel_126_std,0.0012006562249709499,0.0009031893,0.002372046793316769
1136,126,skewness,Channel_126_skewness,0.0020018092966144654,0.0008529249,0.010203157193621542
1137,126,kurtosis,Channel_126_kurtosis,0.001803698333741865,0.0008804777,0.002982276709913569
1138,126,delta_power,Channel_126_delta_power,0.0010713523165134158,0.0005959829,0.0
1139,126,theta_power,Channel_126_theta_power,0.002137237513176824,0.0026953209,0.0
1140,126,alpha_power,Channel_126_alpha_power,0.0010743469528974663,0.0006501335,0.0023193793358908896
1141,126,beta_power,Channel_126_beta_power,0.0012317316782559692,0.0011195237,0.0002578726039509974
1142,126,gamma_power,Channel_126_gamma_power,0.001419175569654331,0.0012753687,0.0
1143,127,mean,Channel_127_mean,0.0010980919293874323,0.00072116265,0.0
1144,127,std,Channel_127_std,0.0008639037060428503,0.0011211829,0.008748809837126125
1145,127,skewness,Channel_127_skewness,0.0009727935823323813,0.0007599313,0.007956053130213794
1146,127,kurtosis,Channel_127_kurtosis,0.0009736230694154025,0.0006639357,0.008841124871238976
1147,127,delta_power,Channel_127_delta_power,0.0011434250801930705,0.001077859,0.0
1148,127,theta_power,Channel_127_theta_power,0.0010360290770564937,0.0010649336,0.0
1149,127,alpha_power,Channel_127_alpha_power,0.001076826868648628,0.0011308931,0.0
1150,127,beta_power,Channel_127_beta_power,0.0011091358292807175,0.0007597734,0.0
1151,127,gamma_power,Channel_127_gamma_power,0.0012498101934602336,0.001499409,0.0
1152,128,mean,Channel_128_mean,0.0,0.0,0.0
1153,128,std,Channel_128_std,0.0,0.0,0.0
1154,128,skewness,Channel_128_skewness,0.0,0.0,0.0
1155,128,kurtosis,Channel_128_kurtosis,0.0,0.0,0.0
1156,128,delta_power,Channel_128_delta_power,0.0,0.0,0.0
1157,128,theta_power,Channel_128_theta_power,0.0,0.0,0.0
1158,128,alpha_power,Channel_128_alpha_power,0.0,0.0,0.0
1159,128,beta_power,Channel_128_beta_power,0.0,0.0,0.0
1160,128,gamma_power,Channel_128_gamma_power,0.0,0.0,0.0
